sheet,run,gen,mejor,prom,peor
Grafo_20,0,0,130,130.0,130
Grafo_20,0,1,130,130.0,130
Grafo_20,0,2,130,130.0,130
Grafo_20,0,3,130,130.0,130
Grafo_20,0,4,130,130.0,130
Grafo_20,0,5,130,130.0,130
Grafo_20,0,6,130,130.0,130
Grafo_20,0,7,130,130.0,130
Grafo_20,0,8,130,130.0,130
Grafo_20,0,9,130,130.0,130
Grafo_20,0,10,130,130.0,130
Grafo_20,0,11,130,130.0,130
Grafo_20,0,12,130,130.0,130
Grafo_20,0,13,130,130.0,130
Grafo_20,0,14,130,130.0,130
Grafo_20,0,15,130,130.0,130
Grafo_20,0,16,130,130.0,130
Grafo_20,0,17,130,130.0,130
Grafo_20,0,18,130,130.0,130
Grafo_20,0,19,130,130.0,130
Grafo_20,0,20,114,125.2,130
Grafo_20,0,21,94,118.925,130
Grafo_20,0,22,81,107.25,130
Grafo_20,0,23,73,97.5625,122
Grafo_20,0,24,69,87.1375,119
Grafo_20,0,25,58,78.7,114
Grafo_20,0,26,58,71.1625,100
Grafo_20,0,27,55,64.85,81
Grafo_20,0,28,55,60.6875,73
Grafo_20,0,29,54,58.275,69
Grafo_20,0,30,53,56.8875,62
Grafo_20,0,31,53,56.0125,66
Grafo_20,0,32,52,55.0875,66
Grafo_20,0,33,51,54.1375,60
Grafo_20,0,34,51,53.575,62
Grafo_20,0,35,50,53.1375,62
Grafo_20,0,36,50,51.825,57
Grafo_20,0,37,50,50.9625,55
Grafo_20,0,38,50,50.375,53
Grafo_20,0,39,50,50.025,51
Grafo_20,0,40,42,48.275,50
Grafo_20,0,41,35,44.9125,52
Grafo_20,0,42,32,40.175,52
Grafo_20,0,43,31,36.725,46
Grafo_20,0,44,29,34.1,43
Grafo_20,0,45,29,32.6375,41
Grafo_20,0,46,28,31.3,40
Grafo_20,0,47,28,31.0125,49
Grafo_20,0,48,28,30.7,46
Grafo_20,0,49,27,30.375,39
Grafo_20,0,50,27,29.525,35
Grafo_20,0,51,27,28.875,33
Grafo_20,0,52,27,27.9375,31
Grafo_20,0,53,26,27.5375,29
Grafo_20,0,54,26,27.0875,29
Grafo_20,0,55,26,26.8,27
Grafo_20,0,56,26,26.525,28
Grafo_20,0,57,25,26.05,27
Grafo_20,0,58,25,25.95,26
Grafo_20,0,59,25,25.775,26
Grafo_20,0,60,20,24.425,26
Grafo_20,0,61,19,22.725,26
Grafo_20,0,62,16,21.825,29
Grafo_20,0,63,15,21.4625,34
Grafo_20,0,64,15,18.275,32
Grafo_20,0,65,14,16.8625,27
Grafo_20,0,66,14,16.075,19
Grafo_20,0,67,14,15.8125,18
Grafo_20,0,68,14,15.8875,20
Grafo_20,0,69,14,14.9125,19
Grafo_20,0,70,14,14.3625,19
Grafo_20,0,71,14,14.0,14
Grafo_20,0,72,14,14.025,16
Grafo_20,0,73,14,14.025,16
Grafo_20,0,74,14,14.05,16
Grafo_20,0,75,14,14.075,16
Grafo_20,0,76,14,14.05,16
Grafo_20,0,77,14,14.0,14
Grafo_20,0,78,14,14.0,14
Grafo_20,0,79,14,14.0,14
Grafo_20,0,80,11,13.5875,14
Grafo_20,0,81,10,12.825,15
Grafo_20,0,82,10,12.0375,17
Grafo_20,0,83,9,11.4,15
Grafo_20,0,84,9,10.8875,16
Grafo_20,0,85,9,10.6625,15
Grafo_20,0,86,9,10.3,15
Grafo_20,0,87,9,9.7875,14
Grafo_20,0,88,9,9.5125,11
Grafo_20,0,89,9,9.4,11
Grafo_20,0,90,9,9.2,11
Grafo_20,0,91,9,9.2,11
Grafo_20,0,92,9,9.1125,11
Grafo_20,0,93,9,9.0625,10
Grafo_20,0,94,9,9.0,9
Grafo_20,0,95,9,9.0,9
Grafo_20,0,96,8,9.0,10
Grafo_20,0,97,8,9.0125,10
Grafo_20,0,98,8,8.9875,10
Grafo_20,0,99,8,8.9875,10
Grafo_20,0,100,7,8.675,9
Grafo_20,0,101,6,8.2875,9
Grafo_20,0,102,4,7.85,12
Grafo_20,0,103,4,7.5125,12
Grafo_20,0,104,4,7.2,13
Grafo_20,0,105,4,7.475,14
Grafo_20,0,106,4,7.0,12
Grafo_20,0,107,4,6.4,13
Grafo_20,0,108,4,5.675,13
Grafo_20,0,109,4,4.1375,7
Grafo_20,0,110,4,4.0,4
Grafo_20,0,111,4,4.0,4
Grafo_20,0,112,4,4.0,4
Grafo_20,0,113,4,4.0,4
Grafo_20,0,114,4,4.0,4
Grafo_20,0,115,4,4.0,4
Grafo_20,0,116,4,4.0,4
Grafo_20,0,117,4,4.0,4
Grafo_20,0,118,4,4.0,4
Grafo_20,0,119,4,4.0,4
Grafo_20,0,120,3,3.875,4
Grafo_20,0,121,3,3.625,5
Grafo_20,0,122,3,4.1375,10
Grafo_20,0,123,2,3.6875,10
Grafo_20,0,124,2,3.7375,10
Grafo_20,0,125,2,3.3625,8
Grafo_20,0,126,2,2.8125,6
Grafo_20,0,127,2,2.375,5
Grafo_20,0,128,2,2.1125,3
Grafo_20,0,129,2,2.05,4
Grafo_20,0,130,2,2.0,2
Grafo_20,0,131,2,2.0,2
Grafo_20,0,132,2,2.0,2
Grafo_20,0,133,2,2.0,2
Grafo_20,0,134,2,2.0,2
Grafo_20,0,135,2,2.0,2
Grafo_20,0,136,2,2.0,2
Grafo_20,0,137,2,2.0,2
Grafo_20,0,138,2,2.0,2
Grafo_20,0,139,2,2.0,2
Grafo_20,0,140,1,1.9125,2
Grafo_20,0,141,0,1.725,2
Grafo_20,1,0,130,130.0,130
Grafo_20,1,1,130,130.0,130
Grafo_20,1,2,130,130.0,130
Grafo_20,1,3,130,130.0,130
Grafo_20,1,4,130,130.0,130
Grafo_20,1,5,130,130.0,130
Grafo_20,1,6,130,130.0,130
Grafo_20,1,7,130,130.0,130
Grafo_20,1,8,130,130.0,130
Grafo_20,1,9,130,130.0,130
Grafo_20,1,10,130,130.0,130
Grafo_20,1,11,130,130.0,130
Grafo_20,1,12,130,130.0,130
Grafo_20,1,13,130,130.0,130
Grafo_20,1,14,130,130.0,130
Grafo_20,1,15,130,130.0,130
Grafo_20,1,16,130,130.0,130
Grafo_20,1,17,130,130.0,130
Grafo_20,1,18,130,130.0,130
Grafo_20,1,19,130,130.0,130
Grafo_20,1,20,114,125.65,130
Grafo_20,1,21,100,117.95,130
Grafo_20,1,22,61,99.35,130
Grafo_20,1,23,57,85.45,130
Grafo_20,1,24,57,73.775,116
Grafo_20,1,25,57,68.4125,116
Grafo_20,1,26,56,64.825,94
Grafo_20,1,27,56,66.025,105
Grafo_20,1,28,55,64.2625,94
Grafo_20,1,29,53,60.2625,105
Grafo_20,1,30,53,58.9,79
Grafo_20,1,31,51,55.8,71
Grafo_20,1,32,51,54.2375,58
Grafo_20,1,33,51,53.1625,56
Grafo_20,1,34,51,52.525,55
Grafo_20,1,35,51,51.75,53
Grafo_20,1,36,49,51.0,53
Grafo_20,1,37,49,50.825,53
Grafo_20,1,38,49,50.375,51
Grafo_20,1,39,49,49.525,51
Grafo_20,1,40,41,47.825,49
Grafo_20,1,41,37,45.025,49
Grafo_20,1,42,31,40.05,49
Grafo_20,1,43,29,35.4875,43
Grafo_20,1,44,28,33.075,40
Grafo_20,1,45,28,31.55,41
Grafo_20,1,46,28,30.4375,35
Grafo_20,1,47,26,29.725,35
Grafo_20,1,48,26,29.6,38
Grafo_20,1,49,26,28.3125,34
Grafo_20,1,50,25,28.1,33
Grafo_20,1,51,25,27.4625,33
Grafo_20,1,52,25,27.45,33
Grafo_20,1,53,25,27.1625,35
Grafo_20,1,54,25,26.5375,32
Grafo_20,1,55,25,26.0625,30
Grafo_20,1,56,25,25.2125,30
Grafo_20,1,57,25,25.0125,26
Grafo_20,1,58,25,25.0,25
Grafo_20,1,59,25,25.0125,26
Grafo_20,1,60,21,24.2,25
Grafo_20,1,61,18,22.5,25
Grafo_20,1,62,17,20.7625,27
Grafo_20,1,63,17,20.6375,30
Grafo_20,1,64,16,19.8,29
Grafo_20,1,65,16,19.9125,31
Grafo_20,1,66,16,18.8125,27
Grafo_20,1,67,15,17.925,29
Grafo_20,1,68,15,16.9375,25
Grafo_20,1,69,15,16.225,19
Grafo_20,1,70,15,15.7125,20
Grafo_20,1,71,14,15.45,19
Grafo_20,1,72,14,15.8625,29
Grafo_20,1,73,14,15.625,33
Grafo_20,1,74,14,15.0875,25
Grafo_20,1,75,14,15.8875,28
Grafo_20,1,76,14,15.15,26
Grafo_20,1,77,14,14.725,25
Grafo_20,1,78,14,14.2125,24
Grafo_20,1,79,14,14.0,14
Grafo_20,1,80,11,13.7875,22
Grafo_20,1,81,10,12.8875,20
Grafo_20,1,82,9,12.0375,18
Grafo_20,1,83,9,11.45,15
Grafo_20,1,84,9,10.775,14
Grafo_20,1,85,9,10.5625,17
Grafo_20,1,86,9,10.35,17
Grafo_20,1,87,9,9.8625,15
Grafo_20,1,88,9,9.425,14
Grafo_20,1,89,9,9.0125,10
Grafo_20,1,90,9,9.0,9
Grafo_20,1,91,9,9.0,9
Grafo_20,1,92,9,9.0,9
Grafo_20,1,93,9,9.0,9
Grafo_20,1,94,9,9.0,9
Grafo_20,1,95,9,9.0,9
Grafo_20,1,96,9,9.0,9
Grafo_20,1,97,9,9.0,9
Grafo_20,1,98,9,9.0,9
Grafo_20,1,99,9,9.0,9
Grafo_20,1,100,7,8.775,9
Grafo_20,1,101,6,8.3125,9
Grafo_20,1,102,6,8.0125,14
Grafo_20,1,103,5,7.425,18
Grafo_20,1,104,5,6.475,11
Grafo_20,1,105,5,6.025,14
Grafo_20,1,106,5,5.45,12
Grafo_20,1,107,5,5.0375,6
Grafo_20,1,108,5,5.025,6
Grafo_20,1,109,5,5.1,7
Grafo_20,1,110,5,5.1625,7
Grafo_20,1,111,5,5.0,5
Grafo_20,1,112,5,5.0,5
Grafo_20,1,113,5,5.0,5
Grafo_20,1,114,5,5.0,5
Grafo_20,1,115,5,5.0,5
Grafo_20,1,116,5,5.0,5
Grafo_20,1,117,5,5.0,5
Grafo_20,1,118,5,5.0,5
Grafo_20,1,119,5,5.0,5
Grafo_20,1,120,4,4.875,5
Grafo_20,1,121,4,4.7125,5
Grafo_20,1,122,3,4.9,11
Grafo_20,1,123,3,4.7375,9
Grafo_20,1,124,3,4.1,9
Grafo_20,1,125,2,3.775,9
Grafo_20,1,126,2,3.3,6
Grafo_20,1,127,2,3.1375,6
Grafo_20,1,128,2,2.7,4
Grafo_20,1,129,1,2.2875,5
Grafo_20,1,130,1,2.1125,6
Grafo_20,1,131,1,2.0875,6
Grafo_20,1,132,1,2.6,7
Grafo_20,1,133,1,2.375,6
Grafo_20,1,134,1,2.4375,7
Grafo_20,1,135,1,2.375,7
Grafo_20,1,136,1,2.1875,6
Grafo_20,1,137,1,1.825,6
Grafo_20,1,138,1,1.2125,6
Grafo_20,1,139,1,1.0,1
Grafo_20,1,140,0,0.9875,1
Grafo_20,2,0,130,130.0,130
Grafo_20,2,1,130,130.0,130
Grafo_20,2,2,130,130.0,130
Grafo_20,2,3,130,130.0,130
Grafo_20,2,4,130,130.0,130
Grafo_20,2,5,130,130.0,130
Grafo_20,2,6,130,130.0,130
Grafo_20,2,7,130,130.0,130
Grafo_20,2,8,130,130.0,130
Grafo_20,2,9,130,130.0,130
Grafo_20,2,10,130,130.0,130
Grafo_20,2,11,130,130.0,130
Grafo_20,2,12,130,130.0,130
Grafo_20,2,13,130,130.0,130
Grafo_20,2,14,130,130.0,130
Grafo_20,2,15,130,130.0,130
Grafo_20,2,16,130,130.0,130
Grafo_20,2,17,130,130.0,130
Grafo_20,2,18,130,130.0,130
Grafo_20,2,19,130,130.0,130
Grafo_20,2,20,114,126.5625,130
Grafo_20,2,21,102,119.2,130
Grafo_20,2,22,88,111.125,130
Grafo_20,2,23,79,101.85,130
Grafo_20,2,24,60,89.4125,116
Grafo_20,2,25,59,77.825,104
Grafo_20,2,26,57,69.0625,102
Grafo_20,2,27,57,66.775,88
Grafo_20,2,28,53,61.75,78
Grafo_20,2,29,53,59.3625,76
Grafo_20,2,30,52,58.4625,66
Grafo_20,2,31,52,57.8125,66
Grafo_20,2,32,52,55.875,71
Grafo_20,2,33,51,53.775,60
Grafo_20,2,34,51,52.3625,55
Grafo_20,2,35,51,51.9875,54
Grafo_20,2,36,51,51.6625,52
Grafo_20,2,37,50,51.3,52
Grafo_20,2,38,50,50.9375,52
Grafo_20,2,39,50,50.775,51
Grafo_20,2,40,43,48.8375,51
Grafo_20,2,41,36,45.5375,51
Grafo_20,2,42,30,39.1,50
Grafo_20,2,43,29,36.375,52
Grafo_20,2,44,29,34.5875,48
Grafo_20,2,45,29,32.925,43
Grafo_20,2,46,28,32.1125,44
Grafo_20,2,47,28,30.625,39
Grafo_20,2,48,28,29.6375,37
Grafo_20,2,49,28,28.95,32
Grafo_20,2,50,28,28.6875,32
Grafo_20,2,51,28,29.175,37
Grafo_20,2,52,28,28.325,38
Grafo_20,2,53,28,28.0,28
Grafo_20,2,54,28,28.0,28
Grafo_20,2,55,28,28.0,28
Grafo_20,2,56,28,28.0,28
Grafo_20,2,57,28,28.0,28
Grafo_20,2,58,28,28.0,28
Grafo_20,2,59,28,28.0,28
Grafo_20,2,60,24,26.9625,28
Grafo_20,2,61,21,25.2625,28
Grafo_20,2,62,19,23.3125,28
Grafo_20,2,63,17,22.45,31
Grafo_20,2,64,17,21.2625,29
Grafo_20,2,65,16,20.075,25
Grafo_20,2,66,16,19.575,27
Grafo_20,2,67,16,18.75,32
Grafo_20,2,68,16,18.1125,22
Grafo_20,2,69,16,17.5625,21
Grafo_20,2,70,16,17.525,21
Grafo_20,2,71,16,17.4625,21
Grafo_20,2,72,16,16.725,22
Grafo_20,2,73,16,16.2875,22
Grafo_20,2,74,16,16.0,16
Grafo_20,2,75,16,16.0,16
Grafo_20,2,76,16,16.0,16
Grafo_20,2,77,16,16.0,16
Grafo_20,2,78,16,16.0,16
Grafo_20,2,79,16,16.0,16
Grafo_20,2,80,13,15.4125,16
Grafo_20,2,81,11,14.2125,16
Grafo_20,2,82,10,13.0625,16
Grafo_20,2,83,8,12.4125,21
Grafo_20,2,84,8,11.5375,19
Grafo_20,2,85,8,11.0375,17
Grafo_20,2,86,8,11.3,17
Grafo_20,2,87,8,11.0875,16
Grafo_20,2,88,8,10.5,15
Grafo_20,2,89,8,10.4,16
Grafo_20,2,90,8,10.625,18
Grafo_20,2,91,8,10.075,16
Grafo_20,2,92,8,9.7625,17
Grafo_20,2,93,8,10.4625,16
Grafo_20,2,94,8,10.1375,15
Grafo_20,2,95,8,9.425,17
Grafo_20,2,96,8,9.2625,17
Grafo_20,2,97,8,8.725,17
Grafo_20,2,98,8,8.125,14
Grafo_20,2,99,8,8.0,8
Grafo_20,2,100,6,7.7875,10
Grafo_20,2,101,6,7.1875,9
Grafo_20,2,102,5,6.5,10
Grafo_20,2,103,5,6.15,12
Grafo_20,2,104,5,5.6625,8
Grafo_20,2,105,5,5.3375,7
Grafo_20,2,106,5,5.2,7
Grafo_20,2,107,5,5.475,11
Grafo_20,2,108,5,5.3875,10
Grafo_20,2,109,5,5.0875,7
Grafo_20,2,110,5,5.125,7
Grafo_20,2,111,5,5.05,6
Grafo_20,2,112,5,5.0625,6
Grafo_20,2,113,5,5.075,7
Grafo_20,2,114,4,5.0875,6
Grafo_20,2,115,4,5.0375,7
Grafo_20,2,116,4,5.3125,11
Grafo_20,2,117,4,5.275,8
Grafo_20,2,118,4,5.8875,11
Grafo_20,2,119,4,5.8125,11
Grafo_20,2,120,3,5.15,8
Grafo_20,2,121,3,5.0375,9
Grafo_20,2,122,3,5.7125,11
Grafo_20,2,123,3,5.55,12
Grafo_20,2,124,2,5.3875,13
Grafo_20,2,125,2,4.8,9
Grafo_20,2,126,2,3.9125,9
Grafo_20,2,127,2,3.1375,8
Grafo_20,2,128,2,2.6125,9
Grafo_20,2,129,2,2.1375,4
Grafo_20,2,130,2,2.0,2
Grafo_20,2,131,2,2.0,2
Grafo_20,2,132,2,2.0,2
Grafo_20,2,133,2,2.0,2
Grafo_20,2,134,2,2.0,2
Grafo_20,2,135,2,2.0,2
Grafo_20,2,136,2,2.0,2
Grafo_20,2,137,2,2.0,2
Grafo_20,2,138,2,2.0,2
Grafo_20,2,139,2,2.0,2
Grafo_20,2,140,1,1.9375,2
Grafo_20,2,141,0,1.8375,2
Grafo_20,3,0,130,130.0,130
Grafo_20,3,1,130,130.0,130
Grafo_20,3,2,130,130.0,130
Grafo_20,3,3,130,130.0,130
Grafo_20,3,4,130,130.0,130
Grafo_20,3,5,130,130.0,130
Grafo_20,3,6,130,130.0,130
Grafo_20,3,7,130,130.0,130
Grafo_20,3,8,130,130.0,130
Grafo_20,3,9,130,130.0,130
Grafo_20,3,10,130,130.0,130
Grafo_20,3,11,130,130.0,130
Grafo_20,3,12,130,130.0,130
Grafo_20,3,13,130,130.0,130
Grafo_20,3,14,130,130.0,130
Grafo_20,3,15,130,130.0,130
Grafo_20,3,16,130,130.0,130
Grafo_20,3,17,130,130.0,130
Grafo_20,3,18,130,130.0,130
Grafo_20,3,19,130,130.0,130
Grafo_20,3,20,114,124.5375,130
Grafo_20,3,21,96,116.35,130
Grafo_20,3,22,67,105.125,130
Grafo_20,3,23,56,84.125,116
Grafo_20,3,24,56,71.2375,115
Grafo_20,3,25,56,64.55,86
Grafo_20,3,26,55,61.575,83
Grafo_20,3,27,53,59.1625,70
Grafo_20,3,28,53,57.025,67
Grafo_20,3,29,53,55.3,62
Grafo_20,3,30,51,54.325,59
Grafo_20,3,31,51,53.55,59
Grafo_20,3,32,51,53.275,57
Grafo_20,3,33,51,52.9,57
Grafo_20,3,34,51,52.7,53
Grafo_20,3,35,51,55.85,84
Grafo_20,3,36,51,52.7375,69
Grafo_20,3,37,51,51.575,53
Grafo_20,3,38,51,51.0,51
Grafo_20,3,39,51,51.0,51
Grafo_20,3,40,44,49.475,51
Grafo_20,3,41,35,46.225,51
Grafo_20,3,42,32,41.9375,51
Grafo_20,3,43,28,37.425,49
Grafo_20,3,44,28,34.9875,41
Grafo_20,3,45,28,33.8625,41
Grafo_20,3,46,28,32.2,40
Grafo_20,3,47,27,31.025,39
Grafo_20,3,48,27,29.8625,33
Grafo_20,3,49,27,28.9875,36
Grafo_20,3,50,27,28.0,36
Grafo_20,3,51,27,27.3125,28
Grafo_20,3,52,27,27.125,28
Grafo_20,3,53,27,27.05,28
Grafo_20,3,54,27,27.0625,28
Grafo_20,3,55,27,27.0625,28
Grafo_20,3,56,27,27.05,28
Grafo_20,3,57,27,27.025,28
Grafo_20,3,58,27,27.025,28
Grafo_20,3,59,27,27.0,27
Grafo_20,3,60,22,26.2375,27
Grafo_20,3,61,19,23.975,27
Grafo_20,3,62,16,22.05,29
Grafo_20,3,63,16,20.0625,26
Grafo_20,3,64,16,18.8,24
Grafo_20,3,65,14,17.55,21
Grafo_20,3,66,14,16.625,20
Grafo_20,3,67,14,15.7125,18
Grafo_20,3,68,14,15.075,16
Grafo_20,3,69,14,14.3875,18
Grafo_20,3,70,14,14.05,16
Grafo_20,3,71,14,14.0,14
Grafo_20,3,72,14,14.0,14
Grafo_20,3,73,14,14.0,14
Grafo_20,3,74,14,14.0,14
Grafo_20,3,75,14,14.0,14
Grafo_20,3,76,14,14.0,14
Grafo_20,3,77,14,14.0,14
Grafo_20,3,78,14,14.0,14
Grafo_20,3,79,14,14.0,14
Grafo_20,3,80,12,13.55,14
Grafo_20,3,81,10,12.8125,14
Grafo_20,3,82,10,11.9125,17
Grafo_20,3,83,10,11.35,16
Grafo_20,3,84,9,10.9875,15
Grafo_20,3,85,9,10.5875,14
Grafo_20,3,86,9,10.1375,13
Grafo_20,3,87,9,9.9875,14
Grafo_20,3,88,9,9.7375,13
Grafo_20,3,89,9,9.45,12
Grafo_20,3,90,9,9.1125,10
Grafo_20,3,91,9,9.0375,11
Grafo_20,3,92,9,9.0,9
Grafo_20,3,93,9,9.0,9
Grafo_20,3,94,9,9.0,9
Grafo_20,3,95,9,9.0625,11
Grafo_20,3,96,9,9.025,10
Grafo_20,3,97,9,9.0125,10
Grafo_20,3,98,9,9.0375,11
Grafo_20,3,99,9,9.05,11
Grafo_20,3,100,7,8.75,9
Grafo_20,3,101,6,8.375,11
Grafo_20,3,102,6,7.7875,12
Grafo_20,3,103,6,7.2,12
Grafo_20,3,104,6,6.375,11
Grafo_20,3,105,6,6.125,8
Grafo_20,3,106,6,6.15,8
Grafo_20,3,107,6,6.125,7
Grafo_20,3,108,6,6.075,8
Grafo_20,3,109,6,6.025,7
Grafo_20,3,110,6,6.0375,7
Grafo_20,3,111,6,6.125,12
Grafo_20,3,112,6,6.0,6
Grafo_20,3,113,6,6.0,6
Grafo_20,3,114,6,6.0125,7
Grafo_20,3,115,6,6.0,6
Grafo_20,3,116,6,6.0,6
Grafo_20,3,117,6,6.0125,7
Grafo_20,3,118,6,6.0,6
Grafo_20,3,119,6,6.0125,7
Grafo_20,3,120,5,5.8625,6
Grafo_20,3,121,3,5.5375,6
Grafo_20,3,122,3,5.325,10
Grafo_20,3,123,3,4.6875,7
Grafo_20,3,124,3,4.325,9
Grafo_20,3,125,3,3.625,5
Grafo_20,3,126,3,3.1625,5
Grafo_20,3,127,3,3.0,3
Grafo_20,3,128,3,3.0,3
Grafo_20,3,129,3,3.0,3
Grafo_20,3,130,3,3.0,3
Grafo_20,3,131,3,3.0,3
Grafo_20,3,132,3,3.0,3
Grafo_20,3,133,3,3.0,3
Grafo_20,3,134,3,3.0,3
Grafo_20,3,135,3,3.0,3
Grafo_20,3,136,3,3.0,3
Grafo_20,3,137,3,3.0,3
Grafo_20,3,138,3,3.0,3
Grafo_20,3,139,3,3.0,3
Grafo_20,3,140,2,2.9125,3
Grafo_20,3,141,2,2.7125,3
Grafo_20,3,142,1,3.25,11
Grafo_20,3,143,1,3.1125,7
Grafo_20,3,144,0,2.7875,8
Grafo_20,4,0,130,130.0,130
Grafo_20,4,1,130,130.0,130
Grafo_20,4,2,130,130.0,130
Grafo_20,4,3,130,130.0,130
Grafo_20,4,4,130,130.0,130
Grafo_20,4,5,130,130.0,130
Grafo_20,4,6,130,130.0,130
Grafo_20,4,7,130,130.0,130
Grafo_20,4,8,130,130.0,130
Grafo_20,4,9,130,130.0,130
Grafo_20,4,10,130,130.0,130
Grafo_20,4,11,130,130.0,130
Grafo_20,4,12,130,130.0,130
Grafo_20,4,13,130,130.0,130
Grafo_20,4,14,130,130.0,130
Grafo_20,4,15,130,130.0,130
Grafo_20,4,16,130,130.0,130
Grafo_20,4,17,130,130.0,130
Grafo_20,4,18,130,130.0,130
Grafo_20,4,19,130,130.0,130
Grafo_20,4,20,114,126.1125,130
Grafo_20,4,21,94,120.775,130
Grafo_20,4,22,61,106.8125,130
Grafo_20,4,23,59,88.275,130
Grafo_20,4,24,58,72.625,101
Grafo_20,4,25,57,63.95,84
Grafo_20,4,26,55,62.5125,86
Grafo_20,4,27,55,63.1,94
Grafo_20,4,28,53,63.0375,98
Grafo_20,4,29,53,63.15,92
Grafo_20,4,30,53,60.25,82
Grafo_20,4,31,53,59.4375,90
Grafo_20,4,32,52,57.175,77
Grafo_20,4,33,52,54.9625,80
Grafo_20,4,34,52,53.05,57
Grafo_20,4,35,52,52.4875,53
Grafo_20,4,36,49,52.1,53
Grafo_20,4,37,49,51.7625,53
Grafo_20,4,38,49,51.425,53
Grafo_20,4,39,49,50.6375,52
Grafo_20,4,40,43,48.5,51
Grafo_20,4,41,36,45.4125,51
Grafo_20,4,42,32,40.55,51
Grafo_20,4,43,31,36.5125,44
Grafo_20,4,44,29,33.8125,42
Grafo_20,4,45,29,32.6625,45
Grafo_20,4,46,29,31.3875,37
Grafo_20,4,47,26,30.0875,36
Grafo_20,4,48,25,29.2625,32
Grafo_20,4,49,25,28.7875,33
Grafo_20,4,50,25,27.5625,31
Grafo_20,4,51,25,26.425,30
Grafo_20,4,52,25,25.725,28
Grafo_20,4,53,23,25.3125,27
Grafo_20,4,54,23,24.8375,26
Grafo_20,4,55,23,24.275,25
Grafo_20,4,56,23,23.425,25
Grafo_20,4,57,23,23.05,25
Grafo_20,4,58,23,23.0,23
Grafo_20,4,59,23,23.0,23
Grafo_20,4,60,19,22.3625,23
Grafo_20,4,61,17,20.85,23
Grafo_20,4,62,16,19.375,29
Grafo_20,4,63,16,18.7875,27
Grafo_20,4,64,15,17.975,25
Grafo_20,4,65,15,17.75,26
Grafo_20,4,66,14,17.2125,26
Grafo_20,4,67,14,17.3,26
Grafo_20,4,68,13,16.925,24
Grafo_20,4,69,13,15.9375,21
Grafo_20,4,70,13,15.3375,20
Grafo_20,4,71,13,14.0625,17
Grafo_20,4,72,13,13.225,15
Grafo_20,4,73,13,13.0,13
Grafo_20,4,74,13,13.0,13
Grafo_20,4,75,13,13.0,13
Grafo_20,4,76,13,13.0,13
Grafo_20,4,77,13,13.0,13
Grafo_20,4,78,13,13.0,13
Grafo_20,4,79,13,13.0,13
Grafo_20,4,80,10,12.6375,13
Grafo_20,4,81,9,12.0625,13
Grafo_20,4,82,8,11.4875,18
Grafo_20,4,83,7,10.5125,21
Grafo_20,4,84,7,9.9375,18
Grafo_20,4,85,7,9.4125,17
Grafo_20,4,86,7,9.0875,17
Grafo_20,4,87,7,8.7125,13
Grafo_20,4,88,7,8.5875,14
Grafo_20,4,89,7,8.825,14
Grafo_20,4,90,7,8.2875,13
Grafo_20,4,91,7,7.525,13
Grafo_20,4,92,7,7.0,7
Grafo_20,4,93,7,7.0,7
Grafo_20,4,94,7,7.0,7
Grafo_20,4,95,7,7.0,7
Grafo_20,4,96,7,7.0,7
Grafo_20,4,97,7,7.0,7
Grafo_20,4,98,7,7.0,7
Grafo_20,4,99,7,7.0,7
Grafo_20,4,100,5,6.85,7
Grafo_20,4,101,4,6.55,7
Grafo_20,4,102,4,6.4375,17
Grafo_20,4,103,4,5.55,11
Grafo_20,4,104,4,4.8625,12
Grafo_20,4,105,3,4.25,7
Grafo_20,4,106,3,4.05,7
Grafo_20,4,107,3,3.875,6
Grafo_20,4,108,3,3.5125,6
Grafo_20,4,109,3,3.0875,4
Grafo_20,4,110,3,3.0,3
Grafo_20,4,111,3,3.0,3
Grafo_20,4,112,3,3.0,3
Grafo_20,4,113,3,3.0,3
Grafo_20,4,114,3,3.0,3
Grafo_20,4,115,3,3.0,3
Grafo_20,4,116,3,3.0,3
Grafo_20,4,117,3,3.0,3
Grafo_20,4,118,3,3.0,3
Grafo_20,4,119,3,3.0,3
Grafo_20,4,120,2,2.9125,3
Grafo_20,4,121,1,2.7125,3
Grafo_20,4,122,1,3.55,11
Grafo_20,4,123,1,3.8625,11
Grafo_20,4,124,1,3.7,12
Grafo_20,4,125,1,3.55,9
Grafo_20,4,126,1,3.1625,9
Grafo_20,4,127,1,2.125,8
Grafo_20,4,128,1,1.3,6
Grafo_20,4,129,1,1.0,1
Grafo_20,4,130,1,1.0,1
Grafo_20,4,131,1,1.0,1
Grafo_20,4,132,1,1.0,1
Grafo_20,4,133,1,1.0,1
Grafo_20,4,134,1,1.0,1
Grafo_20,4,135,1,1.0,1
Grafo_20,4,136,1,1.0,1
Grafo_20,4,137,1,1.0,1
Grafo_20,4,138,1,1.0,1
Grafo_20,4,139,1,1.0,1
Grafo_20,4,140,0,0.9625,1
Grafo_30,0,0,172,172.0,172
Grafo_30,0,1,172,172.0,172
Grafo_30,0,2,172,172.0,172
Grafo_30,0,3,172,172.0,172
Grafo_30,0,4,172,172.0,172
Grafo_30,0,5,172,172.0,172
Grafo_30,0,6,172,172.0,172
Grafo_30,0,7,172,172.0,172
Grafo_30,0,8,172,172.0,172
Grafo_30,0,9,172,172.0,172
Grafo_30,0,10,172,172.0,172
Grafo_30,0,11,172,172.0,172
Grafo_30,0,12,172,172.0,172
Grafo_30,0,13,172,172.0,172
Grafo_30,0,14,172,172.0,172
Grafo_30,0,15,172,172.0,172
Grafo_30,0,16,172,172.0,172
Grafo_30,0,17,172,172.0,172
Grafo_30,0,18,172,172.0,172
Grafo_30,0,19,172,172.0,172
Grafo_30,0,20,154,168.6625,172
Grafo_30,0,21,142,161.2375,172
Grafo_30,0,22,131,150.3,172
Grafo_30,0,23,80,136.3625,166
Grafo_30,0,24,80,116.575,154
Grafo_30,0,25,74,96.7,159
Grafo_30,0,26,74,85.55,124
Grafo_30,0,27,68,81.5625,104
Grafo_30,0,28,68,79.4375,99
Grafo_30,0,29,68,75.925,96
Grafo_30,0,30,66,71.6125,79
Grafo_30,0,31,65,68.6375,75
Grafo_30,0,32,65,67.0375,71
Grafo_30,0,33,64,65.9375,70
Grafo_30,0,34,64,65.15,68
Grafo_30,0,35,64,64.8375,67
Grafo_30,0,36,64,64.4625,68
Grafo_30,0,37,64,64.0625,65
Grafo_30,0,38,64,64.0,64
Grafo_30,0,39,64,64.0,64
Grafo_30,0,40,56,62.6375,64
Grafo_30,0,41,49,59.3125,64
Grafo_30,0,42,42,54.625,65
Grafo_30,0,43,39,49.925,80
Grafo_30,0,44,37,46.1875,75
Grafo_30,0,45,36,42.3625,55
Grafo_30,0,46,35,41.05,51
Grafo_30,0,47,33,38.975,47
Grafo_30,0,48,33,38.9625,50
Grafo_30,0,49,33,37.7375,46
Grafo_30,0,50,30,36.7625,49
Grafo_30,0,51,29,35.875,55
Grafo_30,0,52,29,34.5125,43
Grafo_30,0,53,29,32.7625,40
Grafo_30,0,54,28,31.0375,42
Grafo_30,0,55,28,29.775,31
Grafo_30,0,56,27,29.1125,31
Grafo_30,0,57,27,28.45,29
Grafo_30,0,58,27,27.9,31
Grafo_30,0,59,26,27.375,28
Grafo_30,0,60,22,26.45,28
Grafo_30,0,61,17,25.175,29
Grafo_30,0,62,17,23.05,28
Grafo_30,0,63,17,21.7875,33
Grafo_30,0,64,16,20.325,31
Grafo_30,0,65,15,18.8875,28
Grafo_30,0,66,15,17.35,22
Grafo_30,0,67,14,16.75,22
Grafo_30,0,68,13,15.825,19
Grafo_30,0,69,13,16.5,31
Grafo_30,0,70,13,17.2375,26
Grafo_30,0,71,13,16.725,28
Grafo_30,0,72,13,16.65,28
Grafo_30,0,73,13,16.9625,29
Grafo_30,0,74,13,16.375,26
Grafo_30,0,75,13,15.4875,26
Grafo_30,0,76,13,14.3,23
Grafo_30,0,77,13,13.1,20
Grafo_30,0,78,13,13.0375,16
Grafo_30,0,79,13,13.525,23
Grafo_30,0,80,10,12.975,22
Grafo_30,0,81,8,12.1875,19
Grafo_30,0,82,8,11.1625,14
Grafo_30,0,83,7,10.8125,18
Grafo_30,0,84,7,9.95,21
Grafo_30,0,85,7,9.0375,13
Grafo_30,0,86,7,8.4375,12
Grafo_30,0,87,7,7.9875,10
Grafo_30,0,88,7,8.2,13
Grafo_30,0,89,6,7.8375,11
Grafo_30,0,90,6,7.525,12
Grafo_30,0,91,6,7.65,12
Grafo_30,0,92,6,7.6125,11
Grafo_30,0,93,6,7.4125,12
Grafo_30,0,94,6,6.65,12
Grafo_30,0,95,6,6.05,7
Grafo_30,0,96,6,6.0,6
Grafo_30,0,97,6,6.0,6
Grafo_30,0,98,6,6.0,6
Grafo_30,0,99,6,6.0,6
Grafo_30,0,100,5,5.85,6
Grafo_30,0,101,5,5.5625,6
Grafo_30,0,102,4,6.2375,16
Grafo_30,0,103,4,6.6375,16
Grafo_30,0,104,4,4.925,14
Grafo_30,0,105,4,4.3375,6
Grafo_30,0,106,3,4.1625,7
Grafo_30,0,107,3,4.0625,6
Grafo_30,0,108,3,4.0875,10
Grafo_30,0,109,3,3.8875,5
Grafo_30,0,110,3,4.1875,11
Grafo_30,0,111,2,3.925,12
Grafo_30,0,112,2,3.1875,8
Grafo_30,0,113,2,4.0375,13
Grafo_30,0,114,2,3.85,11
Grafo_30,0,115,2,4.8,13
Grafo_30,0,116,2,4.3125,13
Grafo_30,0,117,2,3.2125,13
Grafo_30,0,118,2,2.1125,6
Grafo_30,0,119,1,2.2625,11
Grafo_30,0,120,1,1.8625,2
Grafo_30,0,121,1,2.1,4
Grafo_30,0,122,1,2.825,11
Grafo_30,0,123,0,2.25,11
Grafo_30,1,0,172,172.0,172
Grafo_30,1,1,172,172.0,172
Grafo_30,1,2,172,172.0,172
Grafo_30,1,3,172,172.0,172
Grafo_30,1,4,172,172.0,172
Grafo_30,1,5,172,172.0,172
Grafo_30,1,6,172,172.0,172
Grafo_30,1,7,172,172.0,172
Grafo_30,1,8,172,172.0,172
Grafo_30,1,9,172,172.0,172
Grafo_30,1,10,172,172.0,172
Grafo_30,1,11,172,172.0,172
Grafo_30,1,12,172,172.0,172
Grafo_30,1,13,172,172.0,172
Grafo_30,1,14,172,172.0,172
Grafo_30,1,15,172,172.0,172
Grafo_30,1,16,172,172.0,172
Grafo_30,1,17,172,172.0,172
Grafo_30,1,18,172,172.0,172
Grafo_30,1,19,172,172.0,172
Grafo_30,1,20,157,168.35,172
Grafo_30,1,21,143,160.7375,172
Grafo_30,1,22,99,150.55,172
Grafo_30,1,23,91,135.4375,165
Grafo_30,1,24,86,121.7875,149
Grafo_30,1,25,80,101.0,154
Grafo_30,1,26,77,92.2625,123
Grafo_30,1,27,74,87.075,109
Grafo_30,1,28,74,84.475,112
Grafo_30,1,29,69,80.775,108
Grafo_30,1,30,69,77.65,91
Grafo_30,1,31,69,77.125,93
Grafo_30,1,32,69,75.875,102
Grafo_30,1,33,69,73.7375,90
Grafo_30,1,34,67,72.3,89
Grafo_30,1,35,67,69.075,79
Grafo_30,1,36,66,72.275,96
Grafo_30,1,37,66,74.325,94
Grafo_30,1,38,66,74.5625,94
Grafo_30,1,39,66,72.3,97
Grafo_30,1,40,60,67.5375,87
Grafo_30,1,41,56,63.475,67
Grafo_30,1,42,47,59.3625,66
Grafo_30,1,43,40,53.7625,66
Grafo_30,1,44,38,49.3875,61
Grafo_30,1,45,38,45.9,58
Grafo_30,1,46,35,43.9875,58
Grafo_30,1,47,35,41.125,53
Grafo_30,1,48,35,39.5375,54
Grafo_30,1,49,33,37.975,45
Grafo_30,1,50,33,36.25,43
Grafo_30,1,51,32,34.6875,38
Grafo_30,1,52,32,33.5125,42
Grafo_30,1,53,31,32.75,37
Grafo_30,1,54,30,32.175,33
Grafo_30,1,55,30,31.9375,38
Grafo_30,1,56,29,31.275,34
Grafo_30,1,57,29,30.7,32
Grafo_30,1,58,29,30.05,32
Grafo_30,1,59,29,29.2875,31
Grafo_30,1,60,25,28.4125,30
Grafo_30,1,61,22,26.925,29
Grafo_30,1,62,20,27.1,45
Grafo_30,1,63,20,24.425,35
Grafo_30,1,64,17,23.325,36
Grafo_30,1,65,17,21.5625,31
Grafo_30,1,66,17,20.1,23
Grafo_30,1,67,17,20.9375,34
Grafo_30,1,68,17,19.7625,29
Grafo_30,1,69,16,19.3875,34
Grafo_30,1,70,16,18.4375,24
Grafo_30,1,71,14,17.475,23
Grafo_30,1,72,14,16.1,18
Grafo_30,1,73,14,17.0125,24
Grafo_30,1,74,14,18.2625,27
Grafo_30,1,75,14,17.75,27
Grafo_30,1,76,14,17.7625,27
Grafo_30,1,77,14,17.5625,28
Grafo_30,1,78,14,17.6875,24
Grafo_30,1,79,14,17.425,24
Grafo_30,1,80,12,17.15,27
Grafo_30,1,81,11,16.875,27
Grafo_30,1,82,9,15.35,24
Grafo_30,1,83,8,15.6375,24
Grafo_30,1,84,8,14.1875,23
Grafo_30,1,85,7,12.2125,28
Grafo_30,1,86,7,9.7375,14
Grafo_30,1,87,7,8.975,18
Grafo_30,1,88,6,10.0125,19
Grafo_30,1,89,6,9.725,18
Grafo_30,1,90,6,9.75,19
Grafo_30,1,91,6,8.5625,19
Grafo_30,1,92,6,7.75,15
Grafo_30,1,93,6,7.0375,13
Grafo_30,1,94,6,6.5125,18
Grafo_30,1,95,6,6.0,6
Grafo_30,1,96,6,6.125,14
Grafo_30,1,97,6,6.0,6
Grafo_30,1,98,6,6.0,6
Grafo_30,1,99,6,6.0,6
Grafo_30,1,100,4,5.9,6
Grafo_30,1,101,4,5.6875,7
Grafo_30,1,102,3,7.325,19
Grafo_30,1,103,3,6.2625,23
Grafo_30,1,104,3,4.725,16
Grafo_30,1,105,3,3.625,6
Grafo_30,1,106,3,3.175,4
Grafo_30,1,107,3,3.0,3
Grafo_30,1,108,2,3.0,4
Grafo_30,1,109,2,2.9375,4
Grafo_30,1,110,1,2.7,3
Grafo_30,1,111,1,2.3875,3
Grafo_30,1,112,1,2.6375,12
Grafo_30,1,113,1,3.1375,13
Grafo_30,1,114,1,3.95,12
Grafo_30,1,115,1,4.4625,13
Grafo_30,1,116,1,3.9375,12
Grafo_30,1,117,1,4.45,13
Grafo_30,1,118,1,3.75,13
Grafo_30,1,119,1,2.2125,12
Grafo_30,1,120,0,1.475,13
Grafo_30,2,0,172,172.0,172
Grafo_30,2,1,172,172.0,172
Grafo_30,2,2,172,172.0,172
Grafo_30,2,3,172,172.0,172
Grafo_30,2,4,172,172.0,172
Grafo_30,2,5,172,172.0,172
Grafo_30,2,6,172,172.0,172
Grafo_30,2,7,172,172.0,172
Grafo_30,2,8,172,172.0,172
Grafo_30,2,9,172,172.0,172
Grafo_30,2,10,172,172.0,172
Grafo_30,2,11,172,172.0,172
Grafo_30,2,12,172,172.0,172
Grafo_30,2,13,172,172.0,172
Grafo_30,2,14,172,172.0,172
Grafo_30,2,15,172,172.0,172
Grafo_30,2,16,172,172.0,172
Grafo_30,2,17,172,172.0,172
Grafo_30,2,18,172,172.0,172
Grafo_30,2,19,172,172.0,172
Grafo_30,2,20,154,168.0875,172
Grafo_30,2,21,137,162.125,172
Grafo_30,2,22,85,146.5125,172
Grafo_30,2,23,81,128.725,172
Grafo_30,2,24,81,109.0125,150
Grafo_30,2,25,76,92.0875,151
Grafo_30,2,26,72,87.575,120
Grafo_30,2,27,72,88.4875,128
Grafo_30,2,28,69,85.6125,130
Grafo_30,2,29,69,82.4125,119
Grafo_30,2,30,69,79.1625,104
Grafo_30,2,31,68,77.075,103
Grafo_30,2,32,68,74.375,93
Grafo_30,2,33,68,72.2125,100
Grafo_30,2,34,68,70.2625,100
Grafo_30,2,35,68,69.0875,85
Grafo_30,2,36,64,69.2125,75
Grafo_30,2,37,64,68.55,75
Grafo_30,2,38,64,68.0375,76
Grafo_30,2,39,64,66.45,75
Grafo_30,2,40,56,64.1,68
Grafo_30,2,41,48,60.3125,68
Grafo_30,2,42,47,56.275,66
Grafo_30,2,43,42,51.1625,59
Grafo_30,2,44,40,47.725,56
Grafo_30,2,45,37,44.975,53
Grafo_30,2,46,37,42.9,51
Grafo_30,2,47,36,41.1625,48
Grafo_30,2,48,36,39.8625,45
Grafo_30,2,49,32,38.1875,48
Grafo_30,2,50,32,37.4125,47
Grafo_30,2,51,32,36.8875,48
Grafo_30,2,52,32,35.7625,44
Grafo_30,2,53,31,34.5125,49
Grafo_30,2,54,30,32.8125,44
Grafo_30,2,55,30,32.4625,48
Grafo_30,2,56,30,32.125,42
Grafo_30,2,57,29,31.775,48
Grafo_30,2,58,29,31.825,48
Grafo_30,2,59,29,32.5,47
Grafo_30,2,60,26,31.8125,51
Grafo_30,2,61,24,32.175,46
Grafo_30,2,62,22,30.725,43
Grafo_30,2,63,22,28.025,45
Grafo_30,2,64,20,27.3625,43
Grafo_30,2,65,20,27.1125,41
Grafo_30,2,66,18,25.3375,39
Grafo_30,2,67,18,23.3,35
Grafo_30,2,68,18,22.3375,39
Grafo_30,2,69,18,21.9125,33
Grafo_30,2,70,18,21.6375,40
Grafo_30,2,71,16,20.8,33
Grafo_30,2,72,15,19.7375,29
Grafo_30,2,73,15,20.6625,32
Grafo_30,2,74,15,20.35,33
Grafo_30,2,75,14,18.975,31
Grafo_30,2,76,14,17.9125,32
Grafo_30,2,77,14,17.3,25
Grafo_30,2,78,14,17.5875,32
Grafo_30,2,79,14,16.9125,23
Grafo_30,2,80,13,16.025,22
Grafo_30,2,81,12,14.525,21
Grafo_30,2,82,11,13.2,20
Grafo_30,2,83,10,13.55,28
Grafo_30,2,84,9,13.35,35
Grafo_30,2,85,9,13.5375,30
Grafo_30,2,86,9,12.5375,29
Grafo_30,2,87,8,11.85,25
Grafo_30,2,88,8,11.675,20
Grafo_30,2,89,7,11.2625,26
Grafo_30,2,90,7,10.9125,23
Grafo_30,2,91,6,9.925,23
Grafo_30,2,92,6,8.0375,14
Grafo_30,2,93,6,7.05,10
Grafo_30,2,94,6,6.2625,7
Grafo_30,2,95,6,6.0125,7
Grafo_30,2,96,6,6.0,6
Grafo_30,2,97,5,5.975,6
Grafo_30,2,98,5,5.875,6
Grafo_30,2,99,5,10.6375,29
Grafo_30,2,100,4,10.7125,29
Grafo_30,2,101,4,12.025,29
Grafo_30,2,102,4,11.7625,29
Grafo_30,2,103,3,11.7625,29
Grafo_30,2,104,3,10.5375,28
Grafo_30,2,105,2,8.6,29
Grafo_30,2,106,2,4.9875,20
Grafo_30,2,107,2,3.725,7
Grafo_30,2,108,2,3.175,6
Grafo_30,2,109,2,3.2,7
Grafo_30,2,110,2,3.275,7
Grafo_30,2,111,2,3.125,6
Grafo_30,2,112,2,2.7375,7
Grafo_30,2,113,2,2.025,4
Grafo_30,2,114,2,2.0375,5
Grafo_30,2,115,2,2.1375,6
Grafo_30,2,116,2,2.05,6
Grafo_30,2,117,2,2.0,2
Grafo_30,2,118,2,2.0375,5
Grafo_30,2,119,2,2.05,6
Grafo_30,2,120,1,1.9875,5
Grafo_30,2,121,1,1.975,6
Grafo_30,2,122,1,1.8125,7
Grafo_30,2,123,1,1.4125,6
Grafo_30,2,124,1,1.1,2
Grafo_30,2,125,1,1.05,2
Grafo_30,2,126,1,1.075,3
Grafo_30,2,127,1,1.0,1
Grafo_30,2,128,1,1.05,2
Grafo_30,2,129,1,1.0125,2
Grafo_30,2,130,1,1.075,2
Grafo_30,2,131,1,1.0,1
Grafo_30,2,132,1,1.0375,2
Grafo_30,2,133,1,1.0375,3
Grafo_30,2,134,1,1.0125,2
Grafo_30,2,135,1,1.025,2
Grafo_30,2,136,1,1.0,1
Grafo_30,2,137,1,1.05,3
Grafo_30,2,138,1,1.0,1
Grafo_30,2,139,1,1.025,2
Grafo_30,2,140,0,1.0,3
Grafo_30,3,0,172,172.0,172
Grafo_30,3,1,172,172.0,172
Grafo_30,3,2,172,172.0,172
Grafo_30,3,3,172,172.0,172
Grafo_30,3,4,172,172.0,172
Grafo_30,3,5,172,172.0,172
Grafo_30,3,6,172,172.0,172
Grafo_30,3,7,172,172.0,172
Grafo_30,3,8,172,172.0,172
Grafo_30,3,9,172,172.0,172
Grafo_30,3,10,172,172.0,172
Grafo_30,3,11,172,172.0,172
Grafo_30,3,12,172,172.0,172
Grafo_30,3,13,172,172.0,172
Grafo_30,3,14,172,172.0,172
Grafo_30,3,15,172,172.0,172
Grafo_30,3,16,172,172.0,172
Grafo_30,3,17,172,172.0,172
Grafo_30,3,18,172,172.0,172
Grafo_30,3,19,172,172.0,172
Grafo_30,3,20,154,168.2875,172
Grafo_30,3,21,134,161.1125,172
Grafo_30,3,22,82,145.2875,172
Grafo_30,3,23,82,119.0625,160
Grafo_30,3,24,78,97.775,148
Grafo_30,3,25,75,88.35,140
Grafo_30,3,26,73,84.6375,120
Grafo_30,3,27,71,81.4625,114
Grafo_30,3,28,68,80.7125,100
Grafo_30,3,29,68,78.4875,98
Grafo_30,3,30,68,76.2375,93
Grafo_30,3,31,68,73.225,87
Grafo_30,3,32,66,71.3,84
Grafo_30,3,33,66,68.2875,73
Grafo_30,3,34,65,67.6625,70
Grafo_30,3,35,63,66.9125,71
Grafo_30,3,36,62,66.1875,73
Grafo_30,3,37,62,65.0125,71
Grafo_30,3,38,60,63.6375,68
Grafo_30,3,39,60,62.275,63
Grafo_30,3,40,55,60.575,63
Grafo_30,3,41,51,58.6375,63
Grafo_30,3,42,42,54.2375,62
Grafo_30,3,43,38,49.45,60
Grafo_30,3,44,38,47.025,72
Grafo_30,3,45,38,45.425,65
Grafo_30,3,46,38,44.075,56
Grafo_30,3,47,35,43.3125,52
Grafo_30,3,48,35,42.125,59
Grafo_30,3,49,35,40.825,59
Grafo_30,3,50,33,38.975,57
Grafo_30,3,51,31,37.05,56
Grafo_30,3,52,31,35.3875,52
Grafo_30,3,53,31,33.925,37
Grafo_30,3,54,31,32.9125,36
Grafo_30,3,55,30,31.8875,35
Grafo_30,3,56,29,31.0125,34
Grafo_30,3,57,29,30.6625,31
Grafo_30,3,58,29,30.175,31
Grafo_30,3,59,29,29.6875,31
Grafo_30,3,60,25,28.4625,31
Grafo_30,3,61,23,26.925,30
Grafo_30,3,62,20,27.7,48
Grafo_30,3,63,20,26.275,40
Grafo_30,3,64,16,24.7625,43
Grafo_30,3,65,16,23.2,33
Grafo_30,3,66,16,21.2375,31
Grafo_30,3,67,14,20.6875,37
Grafo_30,3,68,14,18.45,33
Grafo_30,3,69,13,16.1875,24
Grafo_30,3,70,13,14.975,18
Grafo_30,3,71,13,13.9125,16
Grafo_30,3,72,13,13.125,14
Grafo_30,3,73,13,13.0,13
Grafo_30,3,74,13,13.0,13
Grafo_30,3,75,13,13.0,13
Grafo_30,3,76,13,13.0,13
Grafo_30,3,77,13,13.0,13
Grafo_30,3,78,13,13.0,13
Grafo_30,3,79,13,13.0,13
Grafo_30,3,80,11,12.725,13
Grafo_30,3,81,10,12.2125,13
Grafo_30,3,82,9,12.0375,19
Grafo_30,3,83,8,11.575,19
Grafo_30,3,84,8,10.1125,18
Grafo_30,3,85,8,9.65,19
Grafo_30,3,86,7,8.7375,13
Grafo_30,3,87,7,7.95,10
Grafo_30,3,88,6,7.625,8
Grafo_30,3,89,5,7.0625,8
Grafo_30,3,90,5,6.6125,8
Grafo_30,3,91,5,6.0875,7
Grafo_30,3,92,5,5.775,7
Grafo_30,3,93,5,5.4,6
Grafo_30,3,94,5,5.1125,6
Grafo_30,3,95,5,5.0,5
Grafo_30,3,96,4,4.9875,5
Grafo_30,3,97,4,4.9,5
Grafo_30,3,98,4,4.7375,5
Grafo_30,3,99,4,4.4,5
Grafo_30,3,100,2,3.925,5
Grafo_30,3,101,1,3.5,4
Grafo_30,3,102,1,2.9375,6
Grafo_30,3,103,1,2.175,4
Grafo_30,3,104,1,1.6,4
Grafo_30,3,105,1,1.2375,3
Grafo_30,3,106,1,1.0875,3
Grafo_30,3,107,1,1.0625,2
Grafo_30,3,108,1,1.025,2
Grafo_30,3,109,1,1.0375,2
Grafo_30,3,110,1,1.0625,2
Grafo_30,3,111,1,1.05,2
Grafo_30,3,112,1,1.0375,2
Grafo_30,3,113,1,1.025,2
Grafo_30,3,114,1,1.05,2
Grafo_30,3,115,1,1.025,2
Grafo_30,3,116,1,1.0,1
Grafo_30,3,117,1,1.0,1
Grafo_30,3,118,1,1.0,1
Grafo_30,3,119,1,1.0,1
Grafo_30,3,120,0,0.9875,1
Grafo_30,4,0,172,172.0,172
Grafo_30,4,1,172,172.0,172
Grafo_30,4,2,172,172.0,172
Grafo_30,4,3,172,172.0,172
Grafo_30,4,4,172,172.0,172
Grafo_30,4,5,172,172.0,172
Grafo_30,4,6,172,172.0,172
Grafo_30,4,7,172,172.0,172
Grafo_30,4,8,172,172.0,172
Grafo_30,4,9,172,172.0,172
Grafo_30,4,10,172,172.0,172
Grafo_30,4,11,172,172.0,172
Grafo_30,4,12,172,172.0,172
Grafo_30,4,13,172,172.0,172
Grafo_30,4,14,172,172.0,172
Grafo_30,4,15,172,172.0,172
Grafo_30,4,16,172,172.0,172
Grafo_30,4,17,172,172.0,172
Grafo_30,4,18,172,172.0,172
Grafo_30,4,19,172,172.0,172
Grafo_30,4,20,154,169.0625,172
Grafo_30,4,21,132,160.5875,172
Grafo_30,4,22,81,146.5375,172
Grafo_30,4,23,81,123.3875,162
Grafo_30,4,24,77,103.875,154
Grafo_30,4,25,77,91.025,130
Grafo_30,4,26,74,89.375,142
Grafo_30,4,27,74,85.2625,117
Grafo_30,4,28,73,83.3125,117
Grafo_30,4,29,72,81.6625,115
Grafo_30,4,30,72,79.425,94
Grafo_30,4,31,69,76.825,89
Grafo_30,4,32,69,74.575,96
Grafo_30,4,33,67,72.35,78
Grafo_30,4,34,67,70.3125,78
Grafo_30,4,35,66,68.4,76
Grafo_30,4,36,66,67.4,73
Grafo_30,4,37,65,66.9125,67
Grafo_30,4,38,65,66.725,67
Grafo_30,4,39,62,66.3875,67
Grafo_30,4,40,56,64.5375,67
Grafo_30,4,41,54,61.4375,67
Grafo_30,4,42,47,57.075,66
Grafo_30,4,43,42,52.225,63
Grafo_30,4,44,41,48.775,65
Grafo_30,4,45,38,45.75,56
Grafo_30,4,46,37,44.7125,62
Grafo_30,4,47,36,41.0625,58
Grafo_30,4,48,32,38.25,51
Grafo_30,4,49,32,35.575,42
Grafo_30,4,50,31,33.8,38
Grafo_30,4,51,30,32.1625,36
Grafo_30,4,52,30,31.4875,33
Grafo_30,4,53,29,30.625,33
Grafo_30,4,54,29,30.025,32
Grafo_30,4,55,29,29.7,30
Grafo_30,4,56,28,29.3,30
Grafo_30,4,57,28,28.9125,30
Grafo_30,4,58,27,28.6,29
Grafo_30,4,59,27,28.275,29
Grafo_30,4,60,24,27.225,29
Grafo_30,4,61,21,25.4375,29
Grafo_30,4,62,20,23.7625,29
Grafo_30,4,63,19,22.35,26
Grafo_30,4,64,18,21.775,27
Grafo_30,4,65,18,20.95,34
Grafo_30,4,66,17,20.2375,30
Grafo_30,4,67,16,19.4,24
Grafo_30,4,68,16,18.7625,23
Grafo_30,4,69,15,18.3875,21
Grafo_30,4,70,14,18.3625,22
Grafo_30,4,71,14,18.0125,27
Grafo_30,4,72,14,17.3875,22
Grafo_30,4,73,14,16.1375,20
Grafo_30,4,74,14,15.8625,22
Grafo_30,4,75,14,15.15,19
Grafo_30,4,76,14,14.425,18
Grafo_30,4,77,14,14.275,16
Grafo_30,4,78,14,14.275,16
Grafo_30,4,79,14,14.1,16
Grafo_30,4,80,11,13.95,16
Grafo_30,4,81,10,13.1875,16
Grafo_30,4,82,8,11.9125,16
Grafo_30,4,83,8,11.025,14
Grafo_30,4,84,7,10.3875,14
Grafo_30,4,85,7,10.025,16
Grafo_30,4,86,7,9.3,14
Grafo_30,4,87,7,9.25,14
Grafo_30,4,88,7,9.1375,13
Grafo_30,4,89,7,8.725,12
Grafo_30,4,90,6,7.8,12
Grafo_30,4,91,6,7.05,9
Grafo_30,4,92,6,6.7125,7
Grafo_30,4,93,6,6.3125,7
Grafo_30,4,94,6,6.025,7
Grafo_30,4,95,6,6.0,6
Grafo_30,4,96,6,6.0,6
Grafo_30,4,97,6,6.0,6
Grafo_30,4,98,6,6.0,6
Grafo_30,4,99,6,6.0,6
Grafo_30,4,100,5,5.8625,6
Grafo_30,4,101,4,5.525,6
Grafo_30,4,102,4,5.675,11
Grafo_30,4,103,4,5.825,11
Grafo_30,4,104,3,5.525,13
Grafo_30,4,105,3,4.825,10
Grafo_30,4,106,2,4.5625,8
Grafo_30,4,107,2,4.35,8
Grafo_30,4,108,2,4.3875,9
Grafo_30,4,109,2,4.2875,9
Grafo_30,4,110,2,3.975,9
Grafo_30,4,111,2,3.3875,7
Grafo_30,4,112,2,3.1875,5
Grafo_30,4,113,2,3.0125,6
Grafo_30,4,114,2,2.55,5
Grafo_30,4,115,2,2.275,5
Grafo_30,4,116,2,2.075,4
Grafo_30,4,117,2,2.0,2
Grafo_30,4,118,2,2.0375,5
Grafo_30,4,119,2,2.0,2
Grafo_30,4,120,1,1.9625,2
Grafo_30,4,121,0,1.825,2
Grafo_50,0,0,317,317.0,317
Grafo_50,0,1,317,317.0,317
Grafo_50,0,2,317,317.0,317
Grafo_50,0,3,317,317.0,317
Grafo_50,0,4,317,317.0,317
Grafo_50,0,5,317,317.0,317
Grafo_50,0,6,317,317.0,317
Grafo_50,0,7,317,317.0,317
Grafo_50,0,8,317,317.0,317
Grafo_50,0,9,317,317.0,317
Grafo_50,0,10,317,317.0,317
Grafo_50,0,11,317,317.0,317
Grafo_50,0,12,317,317.0,317
Grafo_50,0,13,317,317.0,317
Grafo_50,0,14,317,317.0,317
Grafo_50,0,15,317,317.0,317
Grafo_50,0,16,317,317.0,317
Grafo_50,0,17,317,317.0,317
Grafo_50,0,18,317,317.0,317
Grafo_50,0,19,317,317.0,317
Grafo_50,0,20,299,312.1375,317
Grafo_50,0,21,274,304.325,317
Grafo_50,0,22,270,292.5,317
Grafo_50,0,23,253,279.1875,304
Grafo_50,0,24,153,262.675,304
Grafo_50,0,25,145,244.25,288
Grafo_50,0,26,145,209.6,269
Grafo_50,0,27,143,170.9875,239
Grafo_50,0,28,143,156.1,224
Grafo_50,0,29,139,150.325,161
Grafo_50,0,30,139,145.9625,159
Grafo_50,0,31,137,142.95,152
Grafo_50,0,32,136,140.9375,150
Grafo_50,0,33,135,139.125,148
Grafo_50,0,34,133,137.6625,143
Grafo_50,0,35,133,136.1375,139
Grafo_50,0,36,128,134.325,139
Grafo_50,0,37,124,132.4125,137
Grafo_50,0,38,122,130.5,137
Grafo_50,0,39,122,128.0375,135
Grafo_50,0,40,115,124.1875,130
Grafo_50,0,41,106,119.975,128
Grafo_50,0,42,105,114.7875,126
Grafo_50,0,43,96,108.6625,124
Grafo_50,0,44,89,102.3125,114
Grafo_50,0,45,87,98.7125,112
Grafo_50,0,46,86,94.1,104
Grafo_50,0,47,81,90.675,101
Grafo_50,0,48,78,87.6375,101
Grafo_50,0,49,73,84.45,95
Grafo_50,0,50,73,81.4125,92
Grafo_50,0,51,72,79.1,86
Grafo_50,0,52,71,76.4375,84
Grafo_50,0,53,67,73.3625,81
Grafo_50,0,54,67,71.3625,78
Grafo_50,0,55,64,69.4875,73
Grafo_50,0,56,63,67.85,71
Grafo_50,0,57,62,66.425,81
Grafo_50,0,58,60,64.6875,78
Grafo_50,0,59,58,63.025,87
Grafo_50,0,60,54,60.3875,69
Grafo_50,0,61,52,57.7625,62
Grafo_50,0,62,44,55.05,62
Grafo_50,0,63,44,52.5375,58
Grafo_50,0,64,41,49.45,56
Grafo_50,0,65,38,46.8,56
Grafo_50,0,66,38,44.6625,52
Grafo_50,0,67,36,42.2875,48
Grafo_50,0,68,36,41.325,51
Grafo_50,0,69,34,39.4375,47
Grafo_50,0,70,33,37.75,45
Grafo_50,0,71,33,36.1625,49
Grafo_50,0,72,31,35.5875,45
Grafo_50,0,73,31,34.475,42
Grafo_50,0,74,30,33.2125,38
Grafo_50,0,75,29,32.2375,37
Grafo_50,0,76,29,31.0625,37
Grafo_50,0,77,28,30.1875,32
Grafo_50,0,78,25,29.425,32
Grafo_50,0,79,24,28.6625,31
Grafo_50,0,80,23,27.4125,30
Grafo_50,0,81,20,25.5125,29
Grafo_50,0,82,19,24.25,28
Grafo_50,0,83,19,22.625,28
Grafo_50,0,84,16,20.7875,27
Grafo_50,0,85,16,19.75,23
Grafo_50,0,86,15,18.675,32
Grafo_50,0,87,15,17.5,25
Grafo_50,0,88,14,16.5625,26
Grafo_50,0,89,14,15.6875,19
Grafo_50,0,90,14,15.025,17
Grafo_50,0,91,12,15.0625,30
Grafo_50,0,92,12,14.9875,26
Grafo_50,0,93,12,14.05,27
Grafo_50,0,94,11,12.55,15
Grafo_50,0,95,11,12.15,14
Grafo_50,0,96,11,11.9375,12
Grafo_50,0,97,10,11.7875,13
Grafo_50,0,98,10,11.4875,12
Grafo_50,0,99,10,10.975,12
Grafo_50,0,100,9,10.325,12
Grafo_50,0,101,9,9.8625,11
Grafo_50,0,102,8,10.5,20
Grafo_50,0,103,8,9.375,18
Grafo_50,0,104,7,9.5875,24
Grafo_50,0,105,7,8.2875,10
Grafo_50,0,106,6,7.9125,10
Grafo_50,0,107,6,7.4875,11
Grafo_50,0,108,5,6.975,10
Grafo_50,0,109,5,7.1375,18
Grafo_50,0,110,5,6.275,9
Grafo_50,0,111,5,5.85,8
Grafo_50,0,112,5,5.3125,7
Grafo_50,0,113,4,4.975,5
Grafo_50,0,114,4,4.8875,5
Grafo_50,0,115,4,4.7125,6
Grafo_50,0,116,4,4.325,5
Grafo_50,0,117,3,4.0,5
Grafo_50,0,118,3,3.95,5
Grafo_50,0,119,3,3.75,5
Grafo_50,0,120,2,3.425,4
Grafo_50,0,121,2,2.9875,4
Grafo_50,0,122,2,2.8125,4
Grafo_50,0,123,2,2.5875,4
Grafo_50,0,124,2,2.275,3
Grafo_50,0,125,2,2.025,3
Grafo_50,0,126,1,1.9875,2
Grafo_50,0,127,1,1.9625,3
Grafo_50,0,128,0,2.525,10
Grafo_50,1,0,317,317.0,317
Grafo_50,1,1,317,317.0,317
Grafo_50,1,2,317,317.0,317
Grafo_50,1,3,317,317.0,317
Grafo_50,1,4,317,317.0,317
Grafo_50,1,5,317,317.0,317
Grafo_50,1,6,317,317.0,317
Grafo_50,1,7,317,317.0,317
Grafo_50,1,8,317,317.0,317
Grafo_50,1,9,317,317.0,317
Grafo_50,1,10,317,317.0,317
Grafo_50,1,11,317,317.0,317
Grafo_50,1,12,317,317.0,317
Grafo_50,1,13,317,317.0,317
Grafo_50,1,14,317,317.0,317
Grafo_50,1,15,317,317.0,317
Grafo_50,1,16,317,317.0,317
Grafo_50,1,17,317,317.0,317
Grafo_50,1,18,317,317.0,317
Grafo_50,1,19,317,317.0,317
Grafo_50,1,20,298,313.45,317
Grafo_50,1,21,277,304.9125,317
Grafo_50,1,22,153,276.15,317
Grafo_50,1,23,153,238.8125,306
Grafo_50,1,24,153,197.2875,290
Grafo_50,1,25,147,180.9875,289
Grafo_50,1,26,147,168.0125,276
Grafo_50,1,27,145,157.5125,193
Grafo_50,1,28,144,152.925,199
Grafo_50,1,29,141,148.7875,179
Grafo_50,1,30,140,146.575,163
Grafo_50,1,31,138,143.8875,153
Grafo_50,1,32,134,142.25,153
Grafo_50,1,33,134,140.125,149
Grafo_50,1,34,134,138.2875,144
Grafo_50,1,35,131,136.3,139
Grafo_50,1,36,129,134.925,139
Grafo_50,1,37,126,133.5625,138
Grafo_50,1,38,126,131.65,138
Grafo_50,1,39,123,129.4125,136
Grafo_50,1,40,116,126.475,134
Grafo_50,1,41,111,121.15,132
Grafo_50,1,42,88,115.175,136
Grafo_50,1,43,79,104.925,121
Grafo_50,1,44,77,93.9875,119
Grafo_50,1,45,77,87.675,116
Grafo_50,1,46,73,84.0875,103
Grafo_50,1,47,72,82.4625,102
Grafo_50,1,48,70,80.0875,93
Grafo_50,1,49,70,78.175,98
Grafo_50,1,50,69,77.625,99
Grafo_50,1,51,67,75.5,93
Grafo_50,1,52,64,73.9375,109
Grafo_50,1,53,63,70.6625,87
Grafo_50,1,54,62,68.7125,84
Grafo_50,1,55,61,65.15,76
Grafo_50,1,56,61,63.275,68
Grafo_50,1,57,58,62.275,66
Grafo_50,1,58,56,61.275,66
Grafo_50,1,59,54,61.4875,87
Grafo_50,1,60,53,57.4625,62
Grafo_50,1,61,48,55.2375,62
Grafo_50,1,62,46,55.125,82
Grafo_50,1,63,44,53.025,74
Grafo_50,1,64,43,50.2125,72
Grafo_50,1,65,40,47.4375,65
Grafo_50,1,66,38,46.0875,60
Grafo_50,1,67,37,44.1125,51
Grafo_50,1,68,34,42.4625,52
Grafo_50,1,69,33,41.275,51
Grafo_50,1,70,33,39.7625,47
Grafo_50,1,71,31,37.9,49
Grafo_50,1,72,31,37.8625,61
Grafo_50,1,73,31,39.85,69
Grafo_50,1,74,31,38.1875,68
Grafo_50,1,75,31,37.3125,68
Grafo_50,1,76,28,36.5,63
Grafo_50,1,77,27,33.975,71
Grafo_50,1,78,27,30.2125,34
Grafo_50,1,79,27,28.775,33
Grafo_50,1,80,24,27.525,32
Grafo_50,1,81,22,26.2125,28
Grafo_50,1,82,21,25.0875,28
Grafo_50,1,83,21,24.1125,50
Grafo_50,1,84,19,22.7375,44
Grafo_50,1,85,18,24.975,50
Grafo_50,1,86,18,20.6875,31
Grafo_50,1,87,15,21.5875,45
Grafo_50,1,88,15,21.35,39
Grafo_50,1,89,15,19.0625,36
Grafo_50,1,90,15,18.1125,41
Grafo_50,1,91,13,18.7,39
Grafo_50,1,92,12,20.275,43
Grafo_50,1,93,12,18.225,39
Grafo_50,1,94,12,14.6875,34
Grafo_50,1,95,11,13.2375,18
Grafo_50,1,96,10,12.6125,17
Grafo_50,1,97,10,12.1875,17
Grafo_50,1,98,9,11.4875,17
Grafo_50,1,99,8,10.7875,13
Grafo_50,1,100,8,13.6625,32
Grafo_50,1,101,8,12.3375,29
Grafo_50,1,102,8,15.2375,37
Grafo_50,1,103,7,11.6125,29
Grafo_50,1,104,7,9.975,26
Grafo_50,1,105,6,9.05,26
Grafo_50,1,106,6,7.825,23
Grafo_50,1,107,6,7.6125,17
Grafo_50,1,108,5,7.0,13
Grafo_50,1,109,5,8.7625,25
Grafo_50,1,110,5,9.475,25
Grafo_50,1,111,5,7.75,23
Grafo_50,1,112,5,8.25,22
Grafo_50,1,113,5,8.375,23
Grafo_50,1,114,5,10.9375,25
Grafo_50,1,115,5,9.3375,25
Grafo_50,1,116,4,7.7125,23
Grafo_50,1,117,4,7.75,22
Grafo_50,1,118,4,6.4875,22
Grafo_50,1,119,4,6.95,23
Grafo_50,1,120,4,6.75,23
Grafo_50,1,121,3,5.85,23
Grafo_50,1,122,3,5.9375,21
Grafo_50,1,123,3,5.9,23
Grafo_50,1,124,3,4.9375,15
Grafo_50,1,125,3,4.9625,22
Grafo_50,1,126,2,4.9,21
Grafo_50,1,127,2,4.0875,18
Grafo_50,1,128,2,5.225,18
Grafo_50,1,129,2,6.6625,27
Grafo_50,1,130,2,5.6,24
Grafo_50,1,131,2,5.925,24
Grafo_50,1,132,2,6.2375,24
Grafo_50,1,133,2,6.9,21
Grafo_50,1,134,2,7.075,19
Grafo_50,1,135,2,5.75,21
Grafo_50,1,136,2,7.25,25
Grafo_50,1,137,1,7.775,23
Grafo_50,1,138,1,6.7,23
Grafo_50,1,139,1,6.5375,23
Grafo_50,1,140,1,3.6125,20
Grafo_50,1,141,1,1.6625,10
Grafo_50,1,142,1,1.925,11
Grafo_50,1,143,0,1.45,7
Grafo_50,2,0,317,317.0,317
Grafo_50,2,1,317,317.0,317
Grafo_50,2,2,317,317.0,317
Grafo_50,2,3,317,317.0,317
Grafo_50,2,4,317,317.0,317
Grafo_50,2,5,317,317.0,317
Grafo_50,2,6,317,317.0,317
Grafo_50,2,7,317,317.0,317
Grafo_50,2,8,317,317.0,317
Grafo_50,2,9,317,317.0,317
Grafo_50,2,10,317,317.0,317
Grafo_50,2,11,317,317.0,317
Grafo_50,2,12,317,317.0,317
Grafo_50,2,13,317,317.0,317
Grafo_50,2,14,317,317.0,317
Grafo_50,2,15,317,317.0,317
Grafo_50,2,16,317,317.0,317
Grafo_50,2,17,317,317.0,317
Grafo_50,2,18,317,317.0,317
Grafo_50,2,19,317,317.0,317
Grafo_50,2,20,299,314.2375,317
Grafo_50,2,21,275,306.3875,317
Grafo_50,2,22,267,296.375,317
Grafo_50,2,23,171,281.725,317
Grafo_50,2,24,159,254.975,317
Grafo_50,2,25,150,212.625,317
Grafo_50,2,26,147,183.3375,274
Grafo_50,2,27,147,175.1,275
Grafo_50,2,28,143,167.5,272
Grafo_50,2,29,143,163.7875,242
Grafo_50,2,30,143,153.0125,176
Grafo_50,2,31,140,149.0375,181
Grafo_50,2,32,137,146.05,176
Grafo_50,2,33,135,142.025,150
Grafo_50,2,34,133,140.15,152
Grafo_50,2,35,133,137.9375,142
Grafo_50,2,36,129,135.9625,145
Grafo_50,2,37,126,133.6625,140
Grafo_50,2,38,124,131.375,140
Grafo_50,2,39,121,128.9125,140
Grafo_50,2,40,115,124.65,131
Grafo_50,2,41,105,120.225,130
Grafo_50,2,42,103,113.95,126
Grafo_50,2,43,94,108.6375,120
Grafo_50,2,44,91,103.625,116
Grafo_50,2,45,88,98.0875,109
Grafo_50,2,46,82,94.1875,108
Grafo_50,2,47,82,91.2125,102
Grafo_50,2,48,80,87.4,95
Grafo_50,2,49,76,85.3,104
Grafo_50,2,50,73,83.0375,101
Grafo_50,2,51,69,79.075,88
Grafo_50,2,52,69,75.5125,84
Grafo_50,2,53,68,74.125,93
Grafo_50,2,54,66,74.325,94
Grafo_50,2,55,63,75.5375,91
Grafo_50,2,56,63,74.6375,97
Grafo_50,2,57,63,70.6,90
Grafo_50,2,58,58,72.725,92
Grafo_50,2,59,58,71.9,97
Grafo_50,2,60,57,66.9,84
Grafo_50,2,61,57,63.4875,79
Grafo_50,2,62,52,61.125,76
Grafo_50,2,63,50,58.1125,73
Grafo_50,2,64,48,55.875,70
Grafo_50,2,65,45,52.55,68
Grafo_50,2,66,45,50.575,61
Grafo_50,2,67,43,48.6875,59
Grafo_50,2,68,43,47.7625,58
Grafo_50,2,69,41,46.0125,53
Grafo_50,2,70,41,44.275,52
Grafo_50,2,71,40,42.8125,46
Grafo_50,2,72,39,41.7875,44
Grafo_50,2,73,39,41.3625,47
Grafo_50,2,74,38,40.8125,48
Grafo_50,2,75,37,40.6375,48
Grafo_50,2,76,36,38.9125,42
Grafo_50,2,77,35,38.0,41
Grafo_50,2,78,32,37.1,47
Grafo_50,2,79,32,36.05,46
Grafo_50,2,80,30,35.75,52
Grafo_50,2,81,28,34.475,48
Grafo_50,2,82,27,34.25,48
Grafo_50,2,83,25,32.425,50
Grafo_50,2,84,24,30.1875,47
Grafo_50,2,85,23,30.3,44
Grafo_50,2,86,22,28.3,44
Grafo_50,2,87,21,26.65,38
Grafo_50,2,88,21,25.5125,38
Grafo_50,2,89,21,23.55,35
Grafo_50,2,90,20,22.35,26
Grafo_50,2,91,20,21.525,24
Grafo_50,2,92,18,20.925,27
Grafo_50,2,93,18,20.2125,22
Grafo_50,2,94,18,21.6625,39
Grafo_50,2,95,18,21.675,33
Grafo_50,2,96,17,21.2875,30
Grafo_50,2,97,17,20.6625,33
Grafo_50,2,98,17,21.25,32
Grafo_50,2,99,17,21.1625,30
Grafo_50,2,100,15,18.725,29
Grafo_50,2,101,14,16.6125,20
Grafo_50,2,102,14,15.9125,29
Grafo_50,2,103,12,15.1875,19
Grafo_50,2,104,12,14.5375,18
Grafo_50,2,105,11,14.175,18
Grafo_50,2,106,11,13.7875,18
Grafo_50,2,107,11,13.025,16
Grafo_50,2,108,11,12.6125,17
Grafo_50,2,109,11,11.925,16
Grafo_50,2,110,9,11.2875,17
Grafo_50,2,111,9,10.8625,13
Grafo_50,2,112,9,11.05,20
Grafo_50,2,113,9,13.275,26
Grafo_50,2,114,8,13.35,27
Grafo_50,2,115,8,13.1125,21
Grafo_50,2,116,8,12.7625,22
Grafo_50,2,117,8,11.4,20
Grafo_50,2,118,7,9.4375,19
Grafo_50,2,119,7,8.875,18
Grafo_50,2,120,6,7.5875,9
Grafo_50,2,121,5,6.8625,8
Grafo_50,2,122,4,6.2625,12
Grafo_50,2,123,4,6.15,13
Grafo_50,2,124,3,5.175,12
Grafo_50,2,125,3,4.6375,12
Grafo_50,2,126,2,4.175,15
Grafo_50,2,127,2,3.0375,4
Grafo_50,2,128,2,2.7125,5
Grafo_50,2,129,1,2.2625,3
Grafo_50,2,130,1,2.5875,12
Grafo_50,2,131,1,3.1125,13
Grafo_50,2,132,1,2.7625,12
Grafo_50,2,133,1,3.225,12
Grafo_50,2,134,0,2.675,12
Grafo_50,3,0,317,317.0,317
Grafo_50,3,1,317,317.0,317
Grafo_50,3,2,317,317.0,317
Grafo_50,3,3,317,317.0,317
Grafo_50,3,4,317,317.0,317
Grafo_50,3,5,317,317.0,317
Grafo_50,3,6,317,317.0,317
Grafo_50,3,7,317,317.0,317
Grafo_50,3,8,317,317.0,317
Grafo_50,3,9,317,317.0,317
Grafo_50,3,10,317,317.0,317
Grafo_50,3,11,317,317.0,317
Grafo_50,3,12,317,317.0,317
Grafo_50,3,13,317,317.0,317
Grafo_50,3,14,317,317.0,317
Grafo_50,3,15,317,317.0,317
Grafo_50,3,16,317,317.0,317
Grafo_50,3,17,317,317.0,317
Grafo_50,3,18,317,317.0,317
Grafo_50,3,19,317,317.0,317
Grafo_50,3,20,298,312.95,317
Grafo_50,3,21,284,302.1125,317
Grafo_50,3,22,262,290.3125,317
Grafo_50,3,23,191,274.1125,308
Grafo_50,3,24,154,247.45,289
Grafo_50,3,25,150,205.05,274
Grafo_50,3,26,145,176.5,268
Grafo_50,3,27,141,160.125,206
Grafo_50,3,28,139,152.875,179
Grafo_50,3,29,136,147.475,180
Grafo_50,3,30,135,143.2,156
Grafo_50,3,31,134,140.75,149
Grafo_50,3,32,130,138.775,148
Grafo_50,3,33,128,137.2625,151
Grafo_50,3,34,128,134.4125,145
Grafo_50,3,35,124,132.2125,140
Grafo_50,3,36,124,129.7,137
Grafo_50,3,37,123,127.475,135
Grafo_50,3,38,121,125.4875,130
Grafo_50,3,39,118,123.325,132
Grafo_50,3,40,112,120.475,125
Grafo_50,3,41,105,116.0,125
Grafo_50,3,42,89,110.95,123
Grafo_50,3,43,83,104.875,121
Grafo_50,3,44,83,99.0875,113
Grafo_50,3,45,76,92.675,106
Grafo_50,3,46,72,86.8625,103
Grafo_50,3,47,70,81.975,97
Grafo_50,3,48,70,77.725,92
Grafo_50,3,49,65,74.2,84
Grafo_50,3,50,65,71.125,77
Grafo_50,3,51,64,69.2375,75
Grafo_50,3,52,61,67.2625,72
Grafo_50,3,53,61,65.9125,70
Grafo_50,3,54,61,64.7375,68
Grafo_50,3,55,61,63.4,68
Grafo_50,3,56,59,62.1625,67
Grafo_50,3,57,58,60.925,65
Grafo_50,3,58,58,60.1125,61
Grafo_50,3,59,58,59.275,61
Grafo_50,3,60,54,57.875,60
Grafo_50,3,61,52,56.5125,59
Grafo_50,3,62,47,54.875,59
Grafo_50,3,63,47,52.6,58
Grafo_50,3,64,45,49.875,56
Grafo_50,3,65,41,47.325,55
Grafo_50,3,66,41,45.75,50
Grafo_50,3,67,40,44.5,51
Grafo_50,3,68,39,42.8375,47
Grafo_50,3,69,38,41.6,46
Grafo_50,3,70,38,40.3875,44
Grafo_50,3,71,36,39.5875,44
Grafo_50,3,72,35,38.8125,42
Grafo_50,3,73,34,37.975,42
Grafo_50,3,74,33,36.8875,42
Grafo_50,3,75,33,35.8125,42
Grafo_50,3,76,32,34.35,37
Grafo_50,3,77,32,33.6375,36
Grafo_50,3,78,31,32.9875,36
Grafo_50,3,79,30,32.4625,35
Grafo_50,3,80,28,31.275,34
Grafo_50,3,81,26,30.375,33
Grafo_50,3,82,23,28.8375,33
Grafo_50,3,83,23,27.475,32
Grafo_50,3,84,21,26.375,33
Grafo_50,3,85,21,24.6625,29
Grafo_50,3,86,19,23.5,28
Grafo_50,3,87,17,22.1,26
Grafo_50,3,88,17,20.8875,28
Grafo_50,3,89,16,19.225,23
Grafo_50,3,90,16,18.425,24
Grafo_50,3,91,16,17.3,20
Grafo_50,3,92,15,16.6,18
Grafo_50,3,93,15,17.1125,23
Grafo_50,3,94,15,17.275,25
Grafo_50,3,95,14,17.0125,23
Grafo_50,3,96,14,16.15,24
Grafo_50,3,97,14,16.15,22
Grafo_50,3,98,14,15.5875,20
Grafo_50,3,99,14,15.825,25
Grafo_50,3,100,13,14.3875,21
Grafo_50,3,101,11,14.0375,22
Grafo_50,3,102,11,13.3375,22
Grafo_50,3,103,9,13.0625,22
Grafo_50,3,104,8,12.0,21
Grafo_50,3,105,7,11.4625,19
Grafo_50,3,106,7,11.4625,18
Grafo_50,3,107,7,9.8625,16
Grafo_50,3,108,7,9.0125,17
Grafo_50,3,109,6,7.7875,10
Grafo_50,3,110,6,8.1125,14
Grafo_50,3,111,6,7.9,14
Grafo_50,3,112,6,7.9125,16
Grafo_50,3,113,6,8.275,15
Grafo_50,3,114,6,8.825,19
Grafo_50,3,115,6,8.7125,17
Grafo_50,3,116,5,8.4125,16
Grafo_50,3,117,5,8.75,16
Grafo_50,3,118,4,7.925,16
Grafo_50,3,119,4,7.2,14
Grafo_50,3,120,3,6.3125,15
Grafo_50,3,121,2,4.6375,12
Grafo_50,3,122,2,4.175,12
Grafo_50,3,123,2,3.7,11
Grafo_50,3,124,2,4.1625,13
Grafo_50,3,125,2,3.4875,11
Grafo_50,3,126,1,2.9375,11
Grafo_50,3,127,1,2.275,5
Grafo_50,3,128,1,2.45,7
Grafo_50,3,129,0,2.5125,9
Grafo_50,4,0,317,317.0,317
Grafo_50,4,1,317,317.0,317
Grafo_50,4,2,317,317.0,317
Grafo_50,4,3,317,317.0,317
Grafo_50,4,4,317,317.0,317
Grafo_50,4,5,317,317.0,317
Grafo_50,4,6,317,317.0,317
Grafo_50,4,7,317,317.0,317
Grafo_50,4,8,317,317.0,317
Grafo_50,4,9,317,317.0,317
Grafo_50,4,10,317,317.0,317
Grafo_50,4,11,317,317.0,317
Grafo_50,4,12,317,317.0,317
Grafo_50,4,13,317,317.0,317
Grafo_50,4,14,317,317.0,317
Grafo_50,4,15,317,317.0,317
Grafo_50,4,16,317,317.0,317
Grafo_50,4,17,317,317.0,317
Grafo_50,4,18,317,317.0,317
Grafo_50,4,19,317,317.0,317
Grafo_50,4,20,298,312.1875,317
Grafo_50,4,21,279,303.275,317
Grafo_50,4,22,226,291.6,317
Grafo_50,4,23,222,278.625,307
Grafo_50,4,24,213,265.35,303
Grafo_50,4,25,198,241.3625,305
Grafo_50,4,26,183,220.675,262
Grafo_50,4,27,180,204.4375,239
Grafo_50,4,28,176,193.4375,213
Grafo_50,4,29,149,184.9875,247
Grafo_50,4,30,144,174.05,189
Grafo_50,4,31,142,167.4875,207
Grafo_50,4,32,139,158.575,190
Grafo_50,4,33,137,149.3625,176
Grafo_50,4,34,131,141.225,154
Grafo_50,4,35,129,138.1,149
Grafo_50,4,36,126,134.725,145
Grafo_50,4,37,126,132.0,141
Grafo_50,4,38,126,129.5,141
Grafo_50,4,39,123,127.65,133
Grafo_50,4,40,116,125.25,131
Grafo_50,4,41,108,121.0,137
Grafo_50,4,42,85,112.925,126
Grafo_50,4,43,81,103.4875,122
Grafo_50,4,44,81,95.7375,118
Grafo_50,4,45,78,87.7125,115
Grafo_50,4,46,77,83.5875,102
Grafo_50,4,47,75,81.05,92
Grafo_50,4,48,70,79.125,87
Grafo_50,4,49,70,77.25,85
Grafo_50,4,50,70,75.8625,83
Grafo_50,4,51,68,74.125,81
Grafo_50,4,52,68,72.1625,77
Grafo_50,4,53,64,70.4,77
Grafo_50,4,54,64,69.3,87
Grafo_50,4,55,64,68.5,86
Grafo_50,4,56,63,67.0125,84
Grafo_50,4,57,61,66.8625,90
Grafo_50,4,58,60,65.275,76
Grafo_50,4,59,59,63.6625,68
Grafo_50,4,60,56,61.35,65
Grafo_50,4,61,49,58.55,62
Grafo_50,4,62,46,55.6125,64
Grafo_50,4,63,46,52.95,63
Grafo_50,4,64,40,49.9125,58
Grafo_50,4,65,39,46.8125,66
Grafo_50,4,66,37,44.35,63
Grafo_50,4,67,36,42.9625,57
Grafo_50,4,68,35,41.05,54
Grafo_50,4,69,34,39.4,47
Grafo_50,4,70,31,37.575,46
Grafo_50,4,71,30,36.2625,43
Grafo_50,4,72,29,34.9625,41
Grafo_50,4,73,27,33.0125,41
Grafo_50,4,74,27,31.275,41
Grafo_50,4,75,25,29.45,34
Grafo_50,4,76,24,28.25,32
Grafo_50,4,77,23,26.85,29
Grafo_50,4,78,23,25.9625,29
Grafo_50,4,79,23,24.2875,27
Grafo_50,4,80,21,23.025,25
Grafo_50,4,81,21,22.45,24
Grafo_50,4,82,19,21.7625,25
Grafo_50,4,83,17,21.05,26
Grafo_50,4,84,17,20.325,27
Grafo_50,4,85,17,19.725,25
Grafo_50,4,86,16,19.4375,25
Grafo_50,4,87,16,19.1,25
Grafo_50,4,88,16,18.6375,24
Grafo_50,4,89,15,18.5875,27
Grafo_50,4,90,15,18.8125,39
Grafo_50,4,91,15,20.2875,33
Grafo_50,4,92,14,18.7375,37
Grafo_50,4,93,14,17.1625,27
Grafo_50,4,94,14,15.7375,27
Grafo_50,4,95,13,15.1,18
Grafo_50,4,96,13,14.1125,19
Grafo_50,4,97,12,15.7625,29
Grafo_50,4,98,12,14.15,27
Grafo_50,4,99,12,13.2625,23
Grafo_50,4,100,10,12.5875,26
Grafo_50,4,101,10,11.5375,13
Grafo_50,4,102,9,10.9375,13
Grafo_50,4,103,8,10.2375,12
Grafo_50,4,104,6,9.95,12
Grafo_50,4,105,6,9.175,13
Grafo_50,4,106,5,8.55,14
Grafo_50,4,107,5,7.1,10
Grafo_50,4,108,5,6.1625,11
Grafo_50,4,109,5,5.4,7
Grafo_50,4,110,4,5.175,6
Grafo_50,4,111,4,4.875,6
Grafo_50,4,112,4,4.5375,5
Grafo_50,4,113,4,4.1625,5
Grafo_50,4,114,4,4.0125,5
Grafo_50,4,115,4,4.0,4
Grafo_50,4,116,4,4.0625,5
Grafo_50,4,117,3,3.975,4
Grafo_50,4,118,3,3.9,5
Grafo_50,4,119,2,4.4875,13
Grafo_50,4,120,2,4.5875,12
Grafo_50,4,121,2,4.2125,14
Grafo_50,4,122,2,4.5375,14
Grafo_50,4,123,1,4.6875,13
Grafo_50,4,124,1,3.6,9
Grafo_50,4,125,1,3.55,12
Grafo_50,4,126,1,2.9625,12
Grafo_50,4,127,1,2.6625,10
Grafo_50,4,128,0,1.975,9
Grafo_75,0,0,485,485.0,485
Grafo_75,0,1,485,485.0,485
Grafo_75,0,2,485,485.0,485
Grafo_75,0,3,485,485.0,485
Grafo_75,0,4,485,485.0,485
Grafo_75,0,5,485,485.0,485
Grafo_75,0,6,485,485.0,485
Grafo_75,0,7,485,485.0,485
Grafo_75,0,8,485,485.0,485
Grafo_75,0,9,485,485.0,485
Grafo_75,0,10,485,485.0,485
Grafo_75,0,11,485,485.0,485
Grafo_75,0,12,485,485.0,485
Grafo_75,0,13,485,485.0,485
Grafo_75,0,14,485,485.0,485
Grafo_75,0,15,485,485.0,485
Grafo_75,0,16,485,485.0,485
Grafo_75,0,17,485,485.0,485
Grafo_75,0,18,485,485.0,485
Grafo_75,0,19,485,485.0,485
Grafo_75,0,20,466,481.5125,485
Grafo_75,0,21,446,473.6375,485
Grafo_75,0,22,426,463.3625,485
Grafo_75,0,23,234,418.85,473
Grafo_75,0,24,227,350.4375,467
Grafo_75,0,25,227,281.4375,450
Grafo_75,0,26,226,258.675,391
Grafo_75,0,27,226,249.4,396
Grafo_75,0,28,214,243.7625,322
Grafo_75,0,29,209,239.35,309
Grafo_75,0,30,206,242.3,348
Grafo_75,0,31,206,233.6125,318
Grafo_75,0,32,206,219.4,305
Grafo_75,0,33,202,209.4625,223
Grafo_75,0,34,202,206.7625,212
Grafo_75,0,35,198,204.925,209
Grafo_75,0,36,198,202.6875,207
Grafo_75,0,37,192,200.8125,206
Grafo_75,0,38,192,199.325,207
Grafo_75,0,39,191,197.1875,204
Grafo_75,0,40,182,192.625,200
Grafo_75,0,41,176,188.0625,196
Grafo_75,0,42,168,182.4,194
Grafo_75,0,43,163,176.6375,191
Grafo_75,0,44,134,167.7,186
Grafo_75,0,45,130,156.65,180
Grafo_75,0,46,127,145.4125,169
Grafo_75,0,47,127,139.4875,180
Grafo_75,0,48,125,134.3125,152
Grafo_75,0,49,123,131.075,152
Grafo_75,0,50,121,129.225,145
Grafo_75,0,51,117,125.575,134
Grafo_75,0,52,117,123.425,130
Grafo_75,0,53,115,121.4125,129
Grafo_75,0,54,113,119.4125,142
Grafo_75,0,55,109,116.7625,125
Grafo_75,0,56,106,114.15,119
Grafo_75,0,57,106,112.3375,120
Grafo_75,0,58,102,110.1375,118
Grafo_75,0,59,100,108.2375,114
Grafo_75,0,60,98,112.025,178
Grafo_75,0,61,96,103.725,130
Grafo_75,0,62,82,98.6,107
Grafo_75,0,63,75,92.0,103
Grafo_75,0,64,74,87.4,112
Grafo_75,0,65,70,83.1875,128
Grafo_75,0,66,70,78.3875,92
Grafo_75,0,67,68,75.875,84
Grafo_75,0,68,68,73.825,82
Grafo_75,0,69,63,70.8,78
Grafo_75,0,70,63,68.5375,79
Grafo_75,0,71,63,66.6125,72
Grafo_75,0,72,59,64.625,70
Grafo_75,0,73,59,64.5375,106
Grafo_75,0,74,57,61.2625,67
Grafo_75,0,75,54,59.7,64
Grafo_75,0,76,54,67.9,125
Grafo_75,0,77,52,63.3375,119
Grafo_75,0,78,52,61.325,117
Grafo_75,0,79,50,58.525,120
Grafo_75,0,80,49,53.9125,60
Grafo_75,0,81,47,52.5375,116
Grafo_75,0,82,45,51.275,76
Grafo_75,0,83,41,48.2125,68
Grafo_75,0,84,41,45.7,51
Grafo_75,0,85,38,44.1,55
Grafo_75,0,86,38,42.9625,51
Grafo_75,0,87,38,45.5625,103
Grafo_75,0,88,34,41.7875,90
Grafo_75,0,89,34,39.625,47
Grafo_75,0,90,33,38.175,43
Grafo_75,0,91,32,37.6125,58
Grafo_75,0,92,30,37.225,64
Grafo_75,0,93,30,36.1625,63
Grafo_75,0,94,28,33.9875,60
Grafo_75,0,95,26,35.2375,60
Grafo_75,0,96,26,33.6,53
Grafo_75,0,97,24,30.5125,40
Grafo_75,0,98,24,27.1375,33
Grafo_75,0,99,23,25.4125,30
Grafo_75,0,100,22,24.275,26
Grafo_75,0,101,20,23.4625,26
Grafo_75,0,102,20,22.8,28
Grafo_75,0,103,19,22.225,30
Grafo_75,0,104,18,21.7875,29
Grafo_75,0,105,16,21.5125,44
Grafo_75,0,106,16,22.3625,47
Grafo_75,0,107,16,19.65,34
Grafo_75,0,108,15,18.2,30
Grafo_75,0,109,15,17.05,19
Grafo_75,0,110,15,16.4625,18
Grafo_75,0,111,14,16.05,18
Grafo_75,0,112,14,16.825,23
Grafo_75,0,113,13,16.7875,24
Grafo_75,0,114,13,16.975,24
Grafo_75,0,115,13,19.4875,41
Grafo_75,0,116,13,18.275,40
Grafo_75,0,117,13,19.75,40
Grafo_75,0,118,13,20.7,42
Grafo_75,0,119,12,19.7375,40
Grafo_75,0,120,12,19.625,43
Grafo_75,0,121,12,20.175,42
Grafo_75,0,122,12,20.8,42
Grafo_75,0,123,11,22.975,41
Grafo_75,0,124,11,23.5375,40
Grafo_75,0,125,10,23.825,40
Grafo_75,0,126,10,24.4625,52
Grafo_75,0,127,10,22.0125,40
Grafo_75,0,128,9,20.5875,40
Grafo_75,0,129,7,16.925,39
Grafo_75,0,130,7,12.25,36
Grafo_75,0,131,6,12.3875,23
Grafo_75,0,132,6,11.9125,23
Grafo_75,0,133,6,12.075,22
Grafo_75,0,134,6,11.65,21
Grafo_75,0,135,5,11.8625,23
Grafo_75,0,136,5,10.7875,26
Grafo_75,0,137,5,10.0625,23
Grafo_75,0,138,4,8.7,24
Grafo_75,0,139,4,5.975,22
Grafo_75,0,140,3,4.7125,7
Grafo_75,0,141,3,4.25,5
Grafo_75,0,142,3,5.2,21
Grafo_75,0,143,2,4.1875,18
Grafo_75,0,144,2,3.1,5
Grafo_75,0,145,2,3.6125,15
Grafo_75,0,146,2,2.6875,8
Grafo_75,0,147,1,2.625,20
Grafo_75,0,148,1,2.5,27
Grafo_75,0,149,1,2.95,14
Grafo_75,0,150,1,3.175,25
Grafo_75,0,151,1,2.8875,14
Grafo_75,0,152,1,4.475,20
Grafo_75,0,153,1,3.8875,15
Grafo_75,0,154,1,3.3375,14
Grafo_75,0,155,1,3.95,15
Grafo_75,0,156,1,3.9625,14
Grafo_75,0,157,0,3.4,14
Grafo_75,1,0,485,485.0,485
Grafo_75,1,1,485,485.0,485
Grafo_75,1,2,485,485.0,485
Grafo_75,1,3,485,485.0,485
Grafo_75,1,4,485,485.0,485
Grafo_75,1,5,485,485.0,485
Grafo_75,1,6,485,485.0,485
Grafo_75,1,7,485,485.0,485
Grafo_75,1,8,485,485.0,485
Grafo_75,1,9,485,485.0,485
Grafo_75,1,10,485,485.0,485
Grafo_75,1,11,485,485.0,485
Grafo_75,1,12,485,485.0,485
Grafo_75,1,13,485,485.0,485
Grafo_75,1,14,485,485.0,485
Grafo_75,1,15,485,485.0,485
Grafo_75,1,16,485,485.0,485
Grafo_75,1,17,485,485.0,485
Grafo_75,1,18,485,485.0,485
Grafo_75,1,19,485,485.0,485
Grafo_75,1,20,467,480.5875,485
Grafo_75,1,21,443,471.2125,485
Grafo_75,1,22,422,461.1,485
Grafo_75,1,23,403,446.9,485
Grafo_75,1,24,393,430.5375,470
Grafo_75,1,25,379,412.2625,456
Grafo_75,1,26,370,395.3625,439
Grafo_75,1,27,325,381.95,434
Grafo_75,1,28,225,356.3875,390
Grafo_75,1,29,225,319.475,390
Grafo_75,1,30,222,275.5875,356
Grafo_75,1,31,217,249.2625,360
Grafo_75,1,32,210,240.5,375
Grafo_75,1,33,210,231.975,292
Grafo_75,1,34,209,223.3875,264
Grafo_75,1,35,209,217.1125,239
Grafo_75,1,36,206,213.6,231
Grafo_75,1,37,203,210.675,224
Grafo_75,1,38,203,208.3875,222
Grafo_75,1,39,200,205.225,216
Grafo_75,1,40,191,200.9125,209
Grafo_75,1,41,176,196.075,208
Grafo_75,1,42,173,190.625,205
Grafo_75,1,43,170,185.2375,203
Grafo_75,1,44,157,178.5875,194
Grafo_75,1,45,149,170.5125,189
Grafo_75,1,46,130,160.9375,179
Grafo_75,1,47,128,150.9125,174
Grafo_75,1,48,125,143.5,165
Grafo_75,1,49,122,137.6125,151
Grafo_75,1,50,122,134.0,150
Grafo_75,1,51,118,129.4625,148
Grafo_75,1,52,117,126.5875,144
Grafo_75,1,53,115,124.625,144
Grafo_75,1,54,110,121.7375,136
Grafo_75,1,55,110,119.025,127
Grafo_75,1,56,109,117.225,134
Grafo_75,1,57,109,114.3125,123
Grafo_75,1,58,107,111.7875,119
Grafo_75,1,59,103,109.95,118
Grafo_75,1,60,103,108.725,129
Grafo_75,1,61,95,105.925,127
Grafo_75,1,62,86,103.5875,130
Grafo_75,1,63,81,99.125,119
Grafo_75,1,64,76,96.8125,128
Grafo_75,1,65,76,89.65,109
Grafo_75,1,66,74,86.3625,110
Grafo_75,1,67,72,83.475,106
Grafo_75,1,68,72,78.35,89
Grafo_75,1,69,71,76.075,85
Grafo_75,1,70,69,74.0875,80
Grafo_75,1,71,67,72.9625,78
Grafo_75,1,72,65,70.7875,76
Grafo_75,1,73,61,68.1375,74
Grafo_75,1,74,61,66.55,73
Grafo_75,1,75,61,67.0,84
Grafo_75,1,76,58,68.65,89
Grafo_75,1,77,58,63.8875,79
Grafo_75,1,78,56,60.8625,66
Grafo_75,1,79,52,58.4875,64
Grafo_75,1,80,50,55.8125,62
Grafo_75,1,81,46,55.125,69
Grafo_75,1,82,43,52.5125,67
Grafo_75,1,83,42,48.1125,55
Grafo_75,1,84,40,46.6125,70
Grafo_75,1,85,37,45.9875,70
Grafo_75,1,86,37,44.6875,67
Grafo_75,1,87,36,43.3,65
Grafo_75,1,88,35,39.225,59
Grafo_75,1,89,32,38.05,51
Grafo_75,1,90,31,36.9125,43
Grafo_75,1,91,30,36.975,61
Grafo_75,1,92,29,36.525,76
Grafo_75,1,93,29,38.825,66
Grafo_75,1,94,28,37.6875,73
Grafo_75,1,95,28,34.125,71
Grafo_75,1,96,27,32.8375,61
Grafo_75,1,97,27,30.3,38
Grafo_75,1,98,27,29.2375,37
Grafo_75,1,99,26,30.45,66
Grafo_75,1,100,24,27.7,32
Grafo_75,1,101,23,27.0125,33
Grafo_75,1,102,23,29.4875,55
Grafo_75,1,103,22,28.875,56
Grafo_75,1,104,21,25.0,62
Grafo_75,1,105,20,22.7625,27
Grafo_75,1,106,20,26.15,51
Grafo_75,1,107,19,27.9,60
Grafo_75,1,108,19,24.3375,58
Grafo_75,1,109,17,23.2875,59
Grafo_75,1,110,16,19.7,53
Grafo_75,1,111,15,18.25,22
Grafo_75,1,112,14,17.4625,53
Grafo_75,1,113,13,16.275,20
Grafo_75,1,114,13,16.85,37
Grafo_75,1,115,13,17.325,47
Grafo_75,1,116,13,14.25,16
Grafo_75,1,117,13,13.8625,18
Grafo_75,1,118,11,13.15,17
Grafo_75,1,119,10,12.9,15
Grafo_75,1,120,10,12.5125,15
Grafo_75,1,121,10,11.9,16
Grafo_75,1,122,8,11.75,27
Grafo_75,1,123,8,11.0125,28
Grafo_75,1,124,7,10.0875,32
Grafo_75,1,125,7,9.25,28
Grafo_75,1,126,6,8.5125,26
Grafo_75,1,127,6,7.85,11
Grafo_75,1,128,6,7.4125,11
Grafo_75,1,129,6,7.5375,12
Grafo_75,1,130,5,7.3,11
Grafo_75,1,131,4,6.85,12
Grafo_75,1,132,4,6.1,11
Grafo_75,1,133,3,5.6875,9
Grafo_75,1,134,3,5.175,7
Grafo_75,1,135,3,7.425,42
Grafo_75,1,136,3,4.775,40
Grafo_75,1,137,3,6.3125,34
Grafo_75,1,138,3,3.5625,19
Grafo_75,1,139,3,3.025,4
Grafo_75,1,140,2,2.9625,3
Grafo_75,1,141,2,2.8375,3
Grafo_75,1,142,1,6.7375,25
Grafo_75,1,143,1,6.3125,25
Grafo_75,1,144,1,9.0375,24
Grafo_75,1,145,1,7.2875,27
Grafo_75,1,146,1,9.15,26
Grafo_75,1,147,1,9.4625,26
Grafo_75,1,148,1,8.2625,24
Grafo_75,1,149,1,7.925,23
Grafo_75,1,150,1,5.175,20
Grafo_75,1,151,1,1.7375,12
Grafo_75,1,152,1,1.1875,2
Grafo_75,1,153,1,1.2625,14
Grafo_75,1,154,0,1.7,22
Grafo_75,2,0,485,485.0,485
Grafo_75,2,1,485,485.0,485
Grafo_75,2,2,485,485.0,485
Grafo_75,2,3,485,485.0,485
Grafo_75,2,4,485,485.0,485
Grafo_75,2,5,485,485.0,485
Grafo_75,2,6,485,485.0,485
Grafo_75,2,7,485,485.0,485
Grafo_75,2,8,485,485.0,485
Grafo_75,2,9,485,485.0,485
Grafo_75,2,10,485,485.0,485
Grafo_75,2,11,485,485.0,485
Grafo_75,2,12,485,485.0,485
Grafo_75,2,13,485,485.0,485
Grafo_75,2,14,485,485.0,485
Grafo_75,2,15,485,485.0,485
Grafo_75,2,16,485,485.0,485
Grafo_75,2,17,485,485.0,485
Grafo_75,2,18,485,485.0,485
Grafo_75,2,19,485,485.0,485
Grafo_75,2,20,466,481.2,485
Grafo_75,2,21,435,472.7625,485
Grafo_75,2,22,256,454.675,485
Grafo_75,2,23,251,425.9375,473
Grafo_75,2,24,224,391.7,458
Grafo_75,2,25,224,315.3375,440
Grafo_75,2,26,224,260.2625,428
Grafo_75,2,27,221,243.9,411
Grafo_75,2,28,216,233.8375,264
Grafo_75,2,29,214,226.8125,254
Grafo_75,2,30,208,221.2125,248
Grafo_75,2,31,206,216.3375,227
Grafo_75,2,32,203,212.5125,220
Grafo_75,2,33,201,208.5125,216
Grafo_75,2,34,201,205.775,214
Grafo_75,2,35,199,203.8125,208
Grafo_75,2,36,196,201.8125,207
Grafo_75,2,37,195,200.0875,204
Grafo_75,2,38,193,198.4375,203
Grafo_75,2,39,191,197.05,203
Grafo_75,2,40,184,193.3,199
Grafo_75,2,41,177,188.6625,196
Grafo_75,2,42,171,183.6375,198
Grafo_75,2,43,163,178.9625,194
Grafo_75,2,44,143,171.6375,195
Grafo_75,2,45,137,160.7125,184
Grafo_75,2,46,134,151.7375,183
Grafo_75,2,47,130,145.5875,169
Grafo_75,2,48,128,141.025,161
Grafo_75,2,49,122,137.6625,162
Grafo_75,2,50,119,134.7375,156
Grafo_75,2,51,119,132.3125,155
Grafo_75,2,52,113,127.3,141
Grafo_75,2,53,111,123.2625,136
Grafo_75,2,54,109,119.125,135
Grafo_75,2,55,107,115.3125,125
Grafo_75,2,56,107,112.475,122
Grafo_75,2,57,104,109.7375,113
Grafo_75,2,58,103,107.6625,112
Grafo_75,2,59,102,105.35,110
Grafo_75,2,60,98,102.95,108
Grafo_75,2,61,94,100.725,107
Grafo_75,2,62,88,97.25,104
Grafo_75,2,63,87,94.6,104
Grafo_75,2,64,82,91.1125,102
Grafo_75,2,65,78,87.2,96
Grafo_75,2,66,72,83.2375,92
Grafo_75,2,67,69,79.3375,91
Grafo_75,2,68,68,75.8,85
Grafo_75,2,69,63,72.375,78
Grafo_75,2,70,59,68.7375,75
Grafo_75,2,71,59,65.775,75
Grafo_75,2,72,57,64.125,81
Grafo_75,2,73,56,61.85,76
Grafo_75,2,74,54,60.5375,78
Grafo_75,2,75,54,57.7625,62
Grafo_75,2,76,53,56.5,69
Grafo_75,2,77,50,54.7125,58
Grafo_75,2,78,50,53.725,58
Grafo_75,2,79,47,52.675,76
Grafo_75,2,80,46,50.2875,54
Grafo_75,2,81,45,48.8,71
Grafo_75,2,82,43,47.2625,66
Grafo_75,2,83,40,45.5,50
Grafo_75,2,84,40,44.625,75
Grafo_75,2,85,39,43.8,59
Grafo_75,2,86,38,41.825,47
Grafo_75,2,87,36,41.6875,65
Grafo_75,2,88,36,40.025,48
Grafo_75,2,89,34,38.75,43
Grafo_75,2,90,33,37.475,43
Grafo_75,2,91,32,36.8625,43
Grafo_75,2,92,32,35.5125,39
Grafo_75,2,93,32,35.7625,55
Grafo_75,2,94,31,37.175,56
Grafo_75,2,95,31,35.7125,54
Grafo_75,2,96,30,35.95,56
Grafo_75,2,97,29,35.45,54
Grafo_75,2,98,29,35.25,55
Grafo_75,2,99,29,35.05,63
Grafo_75,2,100,27,35.4375,54
Grafo_75,2,101,26,31.0125,55
Grafo_75,2,102,24,29.975,46
Grafo_75,2,103,24,28.25,40
Grafo_75,2,104,23,26.475,34
Grafo_75,2,105,21,25.3875,30
Grafo_75,2,106,20,24.2375,36
Grafo_75,2,107,19,22.6375,27
Grafo_75,2,108,18,21.0125,25
Grafo_75,2,109,17,20.2875,36
Grafo_75,2,110,16,18.975,23
Grafo_75,2,111,15,18.05,21
Grafo_75,2,112,14,17.8875,38
Grafo_75,2,113,14,17.3,41
Grafo_75,2,114,14,15.975,32
Grafo_75,2,115,14,14.9625,31
Grafo_75,2,116,14,14.25,16
Grafo_75,2,117,13,13.9875,16
Grafo_75,2,118,13,14.025,16
Grafo_75,2,119,13,13.8,16
Grafo_75,2,120,12,16.1375,40
Grafo_75,2,121,11,15.5875,40
Grafo_75,2,122,11,13.3625,28
Grafo_75,2,123,10,11.975,14
Grafo_75,2,124,9,11.525,17
Grafo_75,2,125,9,11.4625,19
Grafo_75,2,126,8,11.9875,26
Grafo_75,2,127,8,11.8125,25
Grafo_75,2,128,7,10.3125,18
Grafo_75,2,129,7,11.0875,37
Grafo_75,2,130,6,10.75,28
Grafo_75,2,131,6,8.55,28
Grafo_75,2,132,6,7.275,10
Grafo_75,2,133,6,7.0125,18
Grafo_75,2,134,5,6.2,8
Grafo_75,2,135,5,6.5625,16
Grafo_75,2,136,4,6.6125,16
Grafo_75,2,137,4,9.4,24
Grafo_75,2,138,4,7.8125,18
Grafo_75,2,139,3,8.4125,25
Grafo_75,2,140,3,8.75,25
Grafo_75,2,141,3,7.2125,22
Grafo_75,2,142,3,8.375,25
Grafo_75,2,143,3,10.975,31
Grafo_75,2,144,2,9.8375,28
Grafo_75,2,145,2,9.05,32
Grafo_75,2,146,2,9.1375,23
Grafo_75,2,147,2,5.7625,18
Grafo_75,2,148,2,5.425,17
Grafo_75,2,149,2,5.5875,17
Grafo_75,2,150,2,5.9,18
Grafo_75,2,151,2,5.325,18
Grafo_75,2,152,2,7.275,19
Grafo_75,2,153,2,7.1375,19
Grafo_75,2,154,2,7.8375,23
Grafo_75,2,155,2,7.35,18
Grafo_75,2,156,2,6.7625,22
Grafo_75,2,157,2,6.7375,27
Grafo_75,2,158,1,6.8,19
Grafo_75,2,159,1,6.1,20
Grafo_75,2,160,1,4.325,19
Grafo_75,2,161,1,3.925,16
Grafo_75,2,162,1,3.9375,22
Grafo_75,2,163,0,1.025,2
Grafo_75,3,0,485,485.0,485
Grafo_75,3,1,485,485.0,485
Grafo_75,3,2,485,485.0,485
Grafo_75,3,3,485,485.0,485
Grafo_75,3,4,485,485.0,485
Grafo_75,3,5,485,485.0,485
Grafo_75,3,6,485,485.0,485
Grafo_75,3,7,485,485.0,485
Grafo_75,3,8,485,485.0,485
Grafo_75,3,9,485,485.0,485
Grafo_75,3,10,485,485.0,485
Grafo_75,3,11,485,485.0,485
Grafo_75,3,12,485,485.0,485
Grafo_75,3,13,485,485.0,485
Grafo_75,3,14,485,485.0,485
Grafo_75,3,15,485,485.0,485
Grafo_75,3,16,485,485.0,485
Grafo_75,3,17,485,485.0,485
Grafo_75,3,18,485,485.0,485
Grafo_75,3,19,485,485.0,485
Grafo_75,3,20,467,481.0375,485
Grafo_75,3,21,441,471.825,485
Grafo_75,3,22,436,461.0875,485
Grafo_75,3,23,415,448.4875,474
Grafo_75,3,24,403,437.975,471
Grafo_75,3,25,372,423.95,454
Grafo_75,3,26,372,408.1125,456
Grafo_75,3,27,234,389.075,444
Grafo_75,3,28,229,362.3125,407
Grafo_75,3,29,223,331.475,410
Grafo_75,3,30,223,294.5375,395
Grafo_75,3,31,221,257.4375,375
Grafo_75,3,32,214,246.9375,319
Grafo_75,3,33,214,231.95,291
Grafo_75,3,34,212,223.7,262
Grafo_75,3,35,212,218.9625,225
Grafo_75,3,36,209,215.125,224
Grafo_75,3,37,208,212.5125,221
Grafo_75,3,38,205,210.925,219
Grafo_75,3,39,203,209.075,215
Grafo_75,3,40,196,205.3625,214
Grafo_75,3,41,188,202.15,212
Grafo_75,3,42,135,191.15,207
Grafo_75,3,43,134,173.3,200
Grafo_75,3,44,132,157.1125,195
Grafo_75,3,45,129,146.2875,183
Grafo_75,3,46,129,141.075,169
Grafo_75,3,47,126,136.1,172
Grafo_75,3,48,124,131.1375,138
Grafo_75,3,49,122,129.4625,163
Grafo_75,3,50,120,127.4875,163
Grafo_75,3,51,119,128.575,181
Grafo_75,3,52,119,124.275,163
Grafo_75,3,53,115,122.0625,156
Grafo_75,3,54,115,119.4875,128
Grafo_75,3,55,112,117.95,124
Grafo_75,3,56,112,116.4625,122
Grafo_75,3,57,108,113.8875,119
Grafo_75,3,58,105,111.875,116
Grafo_75,3,59,104,110.025,113
Grafo_75,3,60,99,107.2375,112
Grafo_75,3,61,95,106.025,148
Grafo_75,3,62,88,100.4375,128
Grafo_75,3,63,87,96.0375,142
Grafo_75,3,64,82,92.7,135
Grafo_75,3,65,81,88.55,107
Grafo_75,3,66,79,86.35,105
Grafo_75,3,67,76,84.125,105
Grafo_75,3,68,71,81.6625,89
Grafo_75,3,69,71,79.675,89
Grafo_75,3,70,70,77.5125,84
Grafo_75,3,71,68,74.4875,81
Grafo_75,3,72,67,74.4875,125
Grafo_75,3,73,67,70.1625,80
Grafo_75,3,74,63,68.1375,72
Grafo_75,3,75,63,68.5625,90
Grafo_75,3,76,63,70.075,96
Grafo_75,3,77,63,65.95,94
Grafo_75,3,78,61,68.95,93
Grafo_75,3,79,59,65.95,92
Grafo_75,3,80,56,65.5125,97
Grafo_75,3,81,56,60.5125,96
Grafo_75,3,82,52,59.8625,85
Grafo_75,3,83,48,59.6625,90
Grafo_75,3,84,48,59.0625,86
Grafo_75,3,85,48,56.2875,77
Grafo_75,3,86,46,53.575,82
Grafo_75,3,87,45,53.4375,74
Grafo_75,3,88,45,52.6125,75
Grafo_75,3,89,44,51.2125,72
Grafo_75,3,90,44,50.525,76
Grafo_75,3,91,43,50.3625,69
Grafo_75,3,92,43,48.825,72
Grafo_75,3,93,40,44.8625,60
Grafo_75,3,94,39,49.3,92
Grafo_75,3,95,39,49.7875,93
Grafo_75,3,96,39,47.025,84
Grafo_75,3,97,38,44.975,83
Grafo_75,3,98,38,45.3875,89
Grafo_75,3,99,36,48.375,96
Grafo_75,3,100,33,47.35,89
Grafo_75,3,101,33,44.0,80
Grafo_75,3,102,32,49.2375,91
Grafo_75,3,103,31,46.65,88
Grafo_75,3,104,31,47.95,89
Grafo_75,3,105,29,46.4375,81
Grafo_75,3,106,27,45.1875,90
Grafo_75,3,107,25,35.675,62
Grafo_75,3,108,25,32.0,48
Grafo_75,3,109,25,29.5375,44
Grafo_75,3,110,25,31.2375,63
Grafo_75,3,111,24,27.95,49
Grafo_75,3,112,23,26.875,45
Grafo_75,3,113,23,25.6375,43
Grafo_75,3,114,22,27.2875,50
Grafo_75,3,115,21,27.9375,50
Grafo_75,3,116,20,25.55,44
Grafo_75,3,117,20,24.5375,45
Grafo_75,3,118,20,23.6,46
Grafo_75,3,119,19,24.2875,43
Grafo_75,3,120,17,21.8,42
Grafo_75,3,121,17,19.675,37
Grafo_75,3,122,15,19.4,37
Grafo_75,3,123,13,20.9375,50
Grafo_75,3,124,12,21.675,53
Grafo_75,3,125,12,19.4625,42
Grafo_75,3,126,11,17.0625,40
Grafo_75,3,127,10,14.325,31
Grafo_75,3,128,10,13.3625,26
Grafo_75,3,129,9,11.575,14
Grafo_75,3,130,9,10.5875,12
Grafo_75,3,131,9,10.225,12
Grafo_75,3,132,9,11.25,23
Grafo_75,3,133,8,10.575,23
Grafo_75,3,134,8,9.975,19
Grafo_75,3,135,8,11.125,25
Grafo_75,3,136,7,10.4375,26
Grafo_75,3,137,7,8.5875,11
Grafo_75,3,138,6,7.9625,10
Grafo_75,3,139,6,7.85,12
Grafo_75,3,140,6,7.7875,13
Grafo_75,3,141,6,7.55,13
Grafo_75,3,142,4,8.9125,37
Grafo_75,3,143,4,7.9875,41
Grafo_75,3,144,4,5.7,10
Grafo_75,3,145,4,6.3375,38
Grafo_75,3,146,4,4.725,31
Grafo_75,3,147,3,3.975,5
Grafo_75,3,148,3,4.525,15
Grafo_75,3,149,2,8.2125,34
Grafo_75,3,150,2,7.0625,20
Grafo_75,3,151,1,5.825,17
Grafo_75,3,152,1,8.8375,36
Grafo_75,3,153,1,6.95,42
Grafo_75,3,154,1,6.9375,36
Grafo_75,3,155,1,3.15,21
Grafo_75,3,156,1,6.0875,43
Grafo_75,3,157,1,6.1625,42
Grafo_75,3,158,1,7.975,42
Grafo_75,3,159,1,6.875,33
Grafo_75,3,160,0,5.075,40
Grafo_75,4,0,485,485.0,485
Grafo_75,4,1,485,485.0,485
Grafo_75,4,2,485,485.0,485
Grafo_75,4,3,485,485.0,485
Grafo_75,4,4,485,485.0,485
Grafo_75,4,5,485,485.0,485
Grafo_75,4,6,485,485.0,485
Grafo_75,4,7,485,485.0,485
Grafo_75,4,8,485,485.0,485
Grafo_75,4,9,485,485.0,485
Grafo_75,4,10,485,485.0,485
Grafo_75,4,11,485,485.0,485
Grafo_75,4,12,485,485.0,485
Grafo_75,4,13,485,485.0,485
Grafo_75,4,14,485,485.0,485
Grafo_75,4,15,485,485.0,485
Grafo_75,4,16,485,485.0,485
Grafo_75,4,17,485,485.0,485
Grafo_75,4,18,485,485.0,485
Grafo_75,4,19,485,485.0,485
Grafo_75,4,20,466,480.825,485
Grafo_75,4,21,446,472.35,485
Grafo_75,4,22,233,425.7375,485
Grafo_75,4,23,229,348.3375,485
Grafo_75,4,24,227,290.2,465
Grafo_75,4,25,221,254.525,398
Grafo_75,4,26,219,244.4875,386
Grafo_75,4,27,218,231.4625,317
Grafo_75,4,28,214,227.3125,258
Grafo_75,4,29,212,224.425,265
Grafo_75,4,30,212,221.0875,245
Grafo_75,4,31,209,217.3,274
Grafo_75,4,32,207,215.1625,265
Grafo_75,4,33,203,211.25,223
Grafo_75,4,34,200,207.9875,217
Grafo_75,4,35,199,204.9875,214
Grafo_75,4,36,199,202.7875,209
Grafo_75,4,37,195,200.7625,207
Grafo_75,4,38,195,199.225,204
Grafo_75,4,39,189,197.525,202
Grafo_75,4,40,180,192.8125,200
Grafo_75,4,41,172,186.6125,197
Grafo_75,4,42,145,177.1125,192
Grafo_75,4,43,139,165.425,185
Grafo_75,4,44,133,153.6375,180
Grafo_75,4,45,126,144.8875,169
Grafo_75,4,46,124,139.5875,157
Grafo_75,4,47,124,135.475,170
Grafo_75,4,48,123,131.3875,144
Grafo_75,4,49,121,129.4375,142
Grafo_75,4,50,120,130.075,205
Grafo_75,4,51,120,127.9875,187
Grafo_75,4,52,117,124.8375,158
Grafo_75,4,53,115,122.5125,139
Grafo_75,4,54,114,119.9625,138
Grafo_75,4,55,110,119.0,135
Grafo_75,4,56,109,116.8625,130
Grafo_75,4,57,109,114.775,123
Grafo_75,4,58,108,113.0125,117
Grafo_75,4,59,106,111.0875,116
Grafo_75,4,60,102,111.4375,166
Grafo_75,4,61,95,105.675,113
Grafo_75,4,62,91,102.4625,110
Grafo_75,4,63,86,97.5875,106
Grafo_75,4,64,83,93.5875,104
Grafo_75,4,65,81,89.3125,99
Grafo_75,4,66,76,86.05,99
Grafo_75,4,67,73,83.5375,99
Grafo_75,4,68,73,80.95,90
Grafo_75,4,69,69,78.3375,88
Grafo_75,4,70,68,77.0875,89
Grafo_75,4,71,68,75.5625,90
Grafo_75,4,72,67,72.9375,87
Grafo_75,4,73,62,69.4,79
Grafo_75,4,74,62,67.275,73
Grafo_75,4,75,61,65.7625,83
Grafo_75,4,76,61,63.4625,67
Grafo_75,4,77,61,62.3125,65
Grafo_75,4,78,59,61.675,64
Grafo_75,4,79,56,60.925,63
Grafo_75,4,80,56,59.9375,62
Grafo_75,4,81,55,58.675,61
Grafo_75,4,82,52,56.9375,61
Grafo_75,4,83,49,54.875,60
Grafo_75,4,84,47,52.55,64
Grafo_75,4,85,44,53.1,103
Grafo_75,4,86,44,51.6,98
Grafo_75,4,87,39,49.3625,110
Grafo_75,4,88,39,45.1875,69
Grafo_75,4,89,36,43.0375,49
Grafo_75,4,90,35,41.4375,57
Grafo_75,4,91,35,44.9875,95
Grafo_75,4,92,34,38.7875,91
Grafo_75,4,93,33,36.35,42
Grafo_75,4,94,32,34.8375,39
Grafo_75,4,95,31,33.8875,37
Grafo_75,4,96,30,32.7625,35
Grafo_75,4,97,29,32.0,34
Grafo_75,4,98,29,32.0375,39
Grafo_75,4,99,28,30.825,39
Grafo_75,4,100,25,29.225,38
Grafo_75,4,101,25,28.3875,37
Grafo_75,4,102,22,28.025,36
Grafo_75,4,103,22,26.325,35
Grafo_75,4,104,20,24.7125,32
Grafo_75,4,105,19,23.9125,45
Grafo_75,4,106,18,21.7625,33
Grafo_75,4,107,18,21.5125,36
Grafo_75,4,108,17,20.45,33
Grafo_75,4,109,16,19.775,31
Grafo_75,4,110,14,18.8,31
Grafo_75,4,111,14,17.725,28
Grafo_75,4,112,13,18.0875,45
Grafo_75,4,113,13,17.8375,28
Grafo_75,4,114,13,18.275,29
Grafo_75,4,115,13,18.0375,28
Grafo_75,4,116,13,18.0375,29
Grafo_75,4,117,13,18.5625,29
Grafo_75,4,118,12,16.4625,28
Grafo_75,4,119,12,13.975,29
Grafo_75,4,120,10,12.7375,25
Grafo_75,4,121,10,12.0625,13
Grafo_75,4,122,9,13.2125,29
Grafo_75,4,123,8,12.8375,28
Grafo_75,4,124,8,11.0125,18
Grafo_75,4,125,8,12.2125,27
Grafo_75,4,126,8,10.6625,17
Grafo_75,4,127,7,10.3125,21
Grafo_75,4,128,7,8.575,16
Grafo_75,4,129,6,7.55,9
Grafo_75,4,130,6,7.7875,16
Grafo_75,4,131,5,9.8375,23
Grafo_75,4,132,5,9.9375,26
Grafo_75,4,133,5,8.1,25
Grafo_75,4,134,4,6.575,25
Grafo_75,4,135,4,6.475,24
Grafo_75,4,136,4,4.9875,6
Grafo_75,4,137,3,4.675,13
Grafo_75,4,138,3,4.0875,6
Grafo_75,4,139,3,6.625,27
Grafo_75,4,140,2,4.675,21
Grafo_75,4,141,2,7.575,27
Grafo_75,4,142,2,11.15,29
Grafo_75,4,143,2,11.075,30
Grafo_75,4,144,2,8.9,25
Grafo_75,4,145,2,7.9625,26
Grafo_75,4,146,2,6.6375,25
Grafo_75,4,147,2,2.9625,21
Grafo_75,4,148,1,2.1125,3
Grafo_75,4,149,1,2.0125,3
Grafo_75,4,150,1,1.95,3
Grafo_75,4,151,1,4.6375,28
Grafo_75,4,152,0,4.225,25
Grafo_100,0,0,626,626.0,626
Grafo_100,0,1,626,626.0,626
Grafo_100,0,2,626,626.0,626
Grafo_100,0,3,626,626.0,626
Grafo_100,0,4,626,626.0,626
Grafo_100,0,5,626,626.0,626
Grafo_100,0,6,626,626.0,626
Grafo_100,0,7,626,626.0,626
Grafo_100,0,8,626,626.0,626
Grafo_100,0,9,626,626.0,626
Grafo_100,0,10,626,626.0,626
Grafo_100,0,11,626,626.0,626
Grafo_100,0,12,626,626.0,626
Grafo_100,0,13,626,626.0,626
Grafo_100,0,14,626,626.0,626
Grafo_100,0,15,626,626.0,626
Grafo_100,0,16,626,626.0,626
Grafo_100,0,17,626,626.0,626
Grafo_100,0,18,626,626.0,626
Grafo_100,0,19,626,626.0,626
Grafo_100,0,20,604,620.9375,626
Grafo_100,0,21,592,611.825,626
Grafo_100,0,22,573,600.475,626
Grafo_100,0,23,556,587.2375,626
Grafo_100,0,24,542,572.3,606
Grafo_100,0,25,510,560.6375,626
Grafo_100,0,26,500,543.3875,583
Grafo_100,0,27,462,521.3,567
Grafo_100,0,28,462,502.65,532
Grafo_100,0,29,449,487.275,534
Grafo_100,0,30,430,466.4375,508
Grafo_100,0,31,423,453.775,488
Grafo_100,0,32,406,440.0,472
Grafo_100,0,33,402,426.5,451
Grafo_100,0,34,397,416.1,441
Grafo_100,0,35,386,407.325,432
Grafo_100,0,36,375,396.575,418
Grafo_100,0,37,366,387.4875,410
Grafo_100,0,38,360,378.0375,399
Grafo_100,0,39,350,370.6625,394
Grafo_100,0,40,339,358.6875,391
Grafo_100,0,41,287,348.4,374
Grafo_100,0,42,231,330.9125,361
Grafo_100,0,43,193,306.0,348
Grafo_100,0,44,188,271.2625,340
Grafo_100,0,45,183,236.2625,310
Grafo_100,0,46,182,218.4,286
Grafo_100,0,47,182,210.375,259
Grafo_100,0,48,182,201.4375,247
Grafo_100,0,49,179,196.65,255
Grafo_100,0,50,175,187.5375,211
Grafo_100,0,51,173,182.3875,220
Grafo_100,0,52,171,178.25,185
Grafo_100,0,53,167,175.55,182
Grafo_100,0,54,166,173.025,182
Grafo_100,0,55,161,170.3,177
Grafo_100,0,56,160,167.375,174
Grafo_100,0,57,159,164.4375,178
Grafo_100,0,58,157,161.9125,169
Grafo_100,0,59,152,160.0625,166
Grafo_100,0,60,147,156.8875,161
Grafo_100,0,61,142,151.825,160
Grafo_100,0,62,140,148.25,159
Grafo_100,0,63,137,144.7375,155
Grafo_100,0,64,125,140.625,149
Grafo_100,0,65,121,136.7,148
Grafo_100,0,66,110,131.425,153
Grafo_100,0,67,110,123.4875,137
Grafo_100,0,68,107,118.55,128
Grafo_100,0,69,106,114.4125,129
Grafo_100,0,70,101,110.1125,118
Grafo_100,0,71,101,106.85,117
Grafo_100,0,72,100,104.8625,121
Grafo_100,0,73,96,102.4125,106
Grafo_100,0,74,95,100.825,104
Grafo_100,0,75,95,99.2,108
Grafo_100,0,76,92,97.15,101
Grafo_100,0,77,90,95.2,100
Grafo_100,0,78,90,93.6875,97
Grafo_100,0,79,90,92.525,97
Grafo_100,0,80,84,90.55,96
Grafo_100,0,81,81,88.9,95
Grafo_100,0,82,80,86.025,91
Grafo_100,0,83,79,83.1125,89
Grafo_100,0,84,76,80.975,89
Grafo_100,0,85,72,79.05,84
Grafo_100,0,86,70,77.3875,83
Grafo_100,0,87,70,75.725,89
Grafo_100,0,88,65,74.1875,105
Grafo_100,0,89,63,70.6375,84
Grafo_100,0,90,61,68.775,80
Grafo_100,0,91,55,65.675,73
Grafo_100,0,92,53,62.55,73
Grafo_100,0,93,51,59.175,68
Grafo_100,0,94,49,56.3,63
Grafo_100,0,95,49,53.65,60
Grafo_100,0,96,48,51.4875,55
Grafo_100,0,97,46,49.675,53
Grafo_100,0,98,46,48.5125,51
Grafo_100,0,99,44,47.5,50
Grafo_100,0,100,43,46.225,49
Grafo_100,0,101,41,44.45,48
Grafo_100,0,102,38,42.475,47
Grafo_100,0,103,35,41.0375,77
Grafo_100,0,104,35,39.45,44
Grafo_100,0,105,35,38.3875,42
Grafo_100,0,106,34,37.4875,41
Grafo_100,0,107,31,36.3875,41
Grafo_100,0,108,29,34.8625,40
Grafo_100,0,109,29,33.1125,37
Grafo_100,0,110,28,31.6875,36
Grafo_100,0,111,27,30.3125,34
Grafo_100,0,112,25,29.35,33
Grafo_100,0,113,25,28.5875,49
Grafo_100,0,114,25,27.3625,31
Grafo_100,0,115,24,26.4,29
Grafo_100,0,116,22,25.35,28
Grafo_100,0,117,22,24.4,29
Grafo_100,0,118,21,23.6125,26
Grafo_100,0,119,21,23.275,48
Grafo_100,0,120,20,21.8125,24
Grafo_100,0,121,19,21.15,23
Grafo_100,0,122,18,20.8875,56
Grafo_100,0,123,16,19.575,22
Grafo_100,0,124,16,18.6875,22
Grafo_100,0,125,15,17.7625,20
Grafo_100,0,126,14,17.425,33
Grafo_100,0,127,13,16.875,33
Grafo_100,0,128,13,15.8875,35
Grafo_100,0,129,11,14.2625,24
Grafo_100,0,130,10,13.3,19
Grafo_100,0,131,9,12.125,17
Grafo_100,0,132,9,11.3875,17
Grafo_100,0,133,9,10.25,13
Grafo_100,0,134,8,9.4375,11
Grafo_100,0,135,7,9.05,18
Grafo_100,0,136,7,8.2875,10
Grafo_100,0,137,6,7.6625,9
Grafo_100,0,138,6,7.225,9
Grafo_100,0,139,5,6.85,8
Grafo_100,0,140,5,6.35,8
Grafo_100,0,141,4,5.8,8
Grafo_100,0,142,3,5.2875,15
Grafo_100,0,143,3,4.575,9
Grafo_100,0,144,2,3.85,6
Grafo_100,0,145,2,3.2375,5
Grafo_100,0,146,1,3.0125,10
Grafo_100,0,147,1,2.4,4
Grafo_100,0,148,1,1.8625,3
Grafo_100,0,149,1,1.575,3
Grafo_100,0,150,1,1.1375,2
Grafo_100,0,151,1,1.0,1
Grafo_100,0,152,1,1.0,1
Grafo_100,0,153,1,1.0,1
Grafo_100,0,154,1,1.0,1
Grafo_100,0,155,1,1.0,1
Grafo_100,0,156,1,1.0,1
Grafo_100,0,157,1,1.0,1
Grafo_100,0,158,1,1.0,1
Grafo_100,0,159,1,1.0,1
Grafo_100,0,160,0,0.9875,1
Grafo_100,1,0,626,626.0,626
Grafo_100,1,1,626,626.0,626
Grafo_100,1,2,626,626.0,626
Grafo_100,1,3,626,626.0,626
Grafo_100,1,4,626,626.0,626
Grafo_100,1,5,626,626.0,626
Grafo_100,1,6,626,626.0,626
Grafo_100,1,7,626,626.0,626
Grafo_100,1,8,626,626.0,626
Grafo_100,1,9,626,626.0,626
Grafo_100,1,10,626,626.0,626
Grafo_100,1,11,626,626.0,626
Grafo_100,1,12,626,626.0,626
Grafo_100,1,13,626,626.0,626
Grafo_100,1,14,626,626.0,626
Grafo_100,1,15,626,626.0,626
Grafo_100,1,16,626,626.0,626
Grafo_100,1,17,626,626.0,626
Grafo_100,1,18,626,626.0,626
Grafo_100,1,19,626,626.0,626
Grafo_100,1,20,604,621.8375,626
Grafo_100,1,21,582,614.325,626
Grafo_100,1,22,581,600.775,626
Grafo_100,1,23,554,590.0625,618
Grafo_100,1,24,536,575.45,608
Grafo_100,1,25,366,553.7125,610
Grafo_100,1,26,306,519.675,567
Grafo_100,1,27,295,463.1,561
Grafo_100,1,28,295,371.225,526
Grafo_100,1,29,289,323.475,515
Grafo_100,1,30,289,305.4,352
Grafo_100,1,31,288,298.025,332
Grafo_100,1,32,287,296.6125,324
Grafo_100,1,33,270,292.725,325
Grafo_100,1,34,270,288.1625,318
Grafo_100,1,35,270,293.1875,409
Grafo_100,1,36,267,296.3625,499
Grafo_100,1,37,267,274.225,294
Grafo_100,1,38,267,272.0375,288
Grafo_100,1,39,263,268.9875,282
Grafo_100,1,40,255,264.8,270
Grafo_100,1,41,245,260.55,270
Grafo_100,1,42,192,248.3125,264
Grafo_100,1,43,182,233.8625,379
Grafo_100,1,44,173,210.7625,313
Grafo_100,1,45,170,189.2125,230
Grafo_100,1,46,169,183.225,236
Grafo_100,1,47,166,177.8375,197
Grafo_100,1,48,163,172.0,185
Grafo_100,1,49,160,168.05,176
Grafo_100,1,50,158,164.9625,173
Grafo_100,1,51,155,162.8,178
Grafo_100,1,52,154,159.4625,165
Grafo_100,1,53,151,159.025,188
Grafo_100,1,54,151,157.7125,184
Grafo_100,1,55,149,153.9375,161
Grafo_100,1,56,147,151.525,158
Grafo_100,1,57,145,149.3875,155
Grafo_100,1,58,144,147.8625,152
Grafo_100,1,59,143,146.5875,152
Grafo_100,1,60,137,144.1875,151
Grafo_100,1,61,132,141.625,147
Grafo_100,1,62,109,136.4875,146
Grafo_100,1,63,109,130.7625,145
Grafo_100,1,64,109,122.6375,145
Grafo_100,1,65,106,114.15,130
Grafo_100,1,66,102,110.7,126
Grafo_100,1,67,98,107.1125,113
Grafo_100,1,68,98,104.3625,113
Grafo_100,1,69,96,101.6625,107
Grafo_100,1,70,93,99.5375,108
Grafo_100,1,71,90,97.7875,106
Grafo_100,1,72,90,95.6375,101
Grafo_100,1,73,90,94.4,110
Grafo_100,1,74,89,92.775,97
Grafo_100,1,75,89,92.3875,106
Grafo_100,1,76,87,90.6,104
Grafo_100,1,77,86,89.05,92
Grafo_100,1,78,84,88.0625,93
Grafo_100,1,79,84,86.85,92
Grafo_100,1,80,79,84.675,89
Grafo_100,1,81,76,82.7375,89
Grafo_100,1,82,75,81.075,105
Grafo_100,1,83,74,79.0,103
Grafo_100,1,84,70,76.1,82
Grafo_100,1,85,68,74.2375,79
Grafo_100,1,86,67,73.9875,93
Grafo_100,1,87,67,72.375,100
Grafo_100,1,88,64,69.4125,76
Grafo_100,1,89,63,68.1125,78
Grafo_100,1,90,62,66.4625,74
Grafo_100,1,91,58,64.7125,74
Grafo_100,1,92,56,63.0125,69
Grafo_100,1,93,54,62.6875,77
Grafo_100,1,94,52,60.625,72
Grafo_100,1,95,51,58.4,76
Grafo_100,1,96,50,56.0875,61
Grafo_100,1,97,50,55.2625,80
Grafo_100,1,98,50,53.8625,70
Grafo_100,1,99,49,52.65,60
Grafo_100,1,100,46,51.4375,59
Grafo_100,1,101,43,49.7125,57
Grafo_100,1,102,43,49.275,71
Grafo_100,1,103,40,47.4,66
Grafo_100,1,104,39,44.25,62
Grafo_100,1,105,36,42.125,48
Grafo_100,1,106,35,40.525,51
Grafo_100,1,107,34,38.7125,43
Grafo_100,1,108,32,37.0125,42
Grafo_100,1,109,30,35.9125,41
Grafo_100,1,110,30,34.1125,39
Grafo_100,1,111,29,32.3875,36
Grafo_100,1,112,27,31.0,35
Grafo_100,1,113,26,29.875,49
Grafo_100,1,114,25,29.05,51
Grafo_100,1,115,25,27.275,34
Grafo_100,1,116,24,26.15,32
Grafo_100,1,117,24,26.125,53
Grafo_100,1,118,23,27.55,51
Grafo_100,1,119,21,25.5625,51
Grafo_100,1,120,20,22.8125,36
Grafo_100,1,121,19,21.6,27
Grafo_100,1,122,19,23.4125,51
Grafo_100,1,123,17,20.325,40
Grafo_100,1,124,16,19.6875,36
Grafo_100,1,125,15,18.6875,32
Grafo_100,1,126,14,17.65,30
Grafo_100,1,127,14,17.1,34
Grafo_100,1,128,14,16.6375,33
Grafo_100,1,129,13,15.175,25
Grafo_100,1,130,12,14.15,17
Grafo_100,1,131,11,13.3625,15
Grafo_100,1,132,10,14.1,33
Grafo_100,1,133,10,14.1875,36
Grafo_100,1,134,9,15.5375,40
Grafo_100,1,135,9,15.325,43
Grafo_100,1,136,7,12.4625,43
Grafo_100,1,137,6,12.025,42
Grafo_100,1,138,6,9.425,15
Grafo_100,1,139,6,8.625,29
Grafo_100,1,140,5,6.6,10
Grafo_100,1,141,5,5.95,7
Grafo_100,1,142,5,12.1375,36
Grafo_100,1,143,5,9.1625,33
Grafo_100,1,144,5,12.45,35
Grafo_100,1,145,4,8.2125,33
Grafo_100,1,146,3,5.8625,30
Grafo_100,1,147,3,4.625,8
Grafo_100,1,148,3,4.25,12
Grafo_100,1,149,2,4.0,11
Grafo_100,1,150,2,3.175,5
Grafo_100,1,151,2,2.8375,13
Grafo_100,1,152,2,2.55,4
Grafo_100,1,153,1,2.25,4
Grafo_100,1,154,1,2.3625,9
Grafo_100,1,155,1,2.3375,10
Grafo_100,1,156,1,2.1875,10
Grafo_100,1,157,1,1.7125,10
Grafo_100,1,158,1,1.2625,4
Grafo_100,1,159,1,1.025,2
Grafo_100,1,160,1,1.05,2
Grafo_100,1,161,0,0.9875,1
Grafo_100,2,0,626,626.0,626
Grafo_100,2,1,626,626.0,626
Grafo_100,2,2,626,626.0,626
Grafo_100,2,3,626,626.0,626
Grafo_100,2,4,626,626.0,626
Grafo_100,2,5,626,626.0,626
Grafo_100,2,6,626,626.0,626
Grafo_100,2,7,626,626.0,626
Grafo_100,2,8,626,626.0,626
Grafo_100,2,9,626,626.0,626
Grafo_100,2,10,626,626.0,626
Grafo_100,2,11,626,626.0,626
Grafo_100,2,12,626,626.0,626
Grafo_100,2,13,626,626.0,626
Grafo_100,2,14,626,626.0,626
Grafo_100,2,15,626,626.0,626
Grafo_100,2,16,626,626.0,626
Grafo_100,2,17,626,626.0,626
Grafo_100,2,18,626,626.0,626
Grafo_100,2,19,626,626.0,626
Grafo_100,2,20,606,621.0,626
Grafo_100,2,21,581,610.5875,626
Grafo_100,2,22,360,590.6625,626
Grafo_100,2,23,295,543.7125,626
Grafo_100,2,24,295,472.75,598
Grafo_100,2,25,295,381.025,579
Grafo_100,2,26,289,337.0625,605
Grafo_100,2,27,285,339.8625,605
Grafo_100,2,28,285,313.6125,451
Grafo_100,2,29,285,303.225,342
Grafo_100,2,30,280,298.4375,397
Grafo_100,2,31,278,301.5625,410
Grafo_100,2,32,271,295.425,407
Grafo_100,2,33,262,283.825,356
Grafo_100,2,34,262,275.5625,291
Grafo_100,2,35,261,268.6875,278
Grafo_100,2,36,260,265.15,273
Grafo_100,2,37,257,262.775,271
Grafo_100,2,38,253,260.875,268
Grafo_100,2,39,247,258.5375,269
Grafo_100,2,40,241,253.2375,263
Grafo_100,2,41,233,247.3375,260
Grafo_100,2,42,226,242.6625,356
Grafo_100,2,43,219,233.8625,247
Grafo_100,2,44,212,227.0875,243
Grafo_100,2,45,200,221.675,239
Grafo_100,2,46,194,214.7625,230
Grafo_100,2,47,175,207.55,354
Grafo_100,2,48,159,193.1,220
Grafo_100,2,49,158,179.7125,215
Grafo_100,2,50,158,172.1125,201
Grafo_100,2,51,152,164.0875,197
Grafo_100,2,52,150,160.05,171
Grafo_100,2,53,148,156.9625,172
Grafo_100,2,54,148,161.75,248
Grafo_100,2,55,148,159.05,214
Grafo_100,2,56,145,157.9,223
Grafo_100,2,57,142,153.425,209
Grafo_100,2,58,142,148.9625,161
Grafo_100,2,59,140,147.0375,161
Grafo_100,2,60,135,143.875,161
Grafo_100,2,61,131,141.95,153
Grafo_100,2,62,113,138.275,156
Grafo_100,2,63,113,132.5125,158
Grafo_100,2,64,96,126.1125,149
Grafo_100,2,65,96,117.7125,137
Grafo_100,2,66,95,112.825,150
Grafo_100,2,67,95,107.5125,128
Grafo_100,2,68,94,104.0125,125
Grafo_100,2,69,92,104.425,162
Grafo_100,2,70,92,101.8625,137
Grafo_100,2,71,85,99.9125,123
Grafo_100,2,72,84,95.625,116
Grafo_100,2,73,83,91.7875,105
Grafo_100,2,74,83,89.7,106
Grafo_100,2,75,81,87.6,95
Grafo_100,2,76,79,85.4625,92
Grafo_100,2,77,78,83.4625,89
Grafo_100,2,78,76,81.475,89
Grafo_100,2,79,76,79.6125,85
Grafo_100,2,80,74,77.5375,81
Grafo_100,2,81,69,75.725,81
Grafo_100,2,82,66,73.25,78
Grafo_100,2,83,64,70.7,78
Grafo_100,2,84,61,72.6125,130
Grafo_100,2,85,58,66.975,101
Grafo_100,2,86,57,63.4,72
Grafo_100,2,87,56,60.375,65
Grafo_100,2,88,53,58.4625,63
Grafo_100,2,89,53,56.6375,61
Grafo_100,2,90,50,55.2625,61
Grafo_100,2,91,48,53.5,59
Grafo_100,2,92,48,51.3375,56
Grafo_100,2,93,46,49.975,54
Grafo_100,2,94,45,48.525,54
Grafo_100,2,95,44,47.2,55
Grafo_100,2,96,42,46.1625,49
Grafo_100,2,97,41,44.9875,55
Grafo_100,2,98,39,43.975,60
Grafo_100,2,99,37,42.2375,47
Grafo_100,2,100,35,40.3125,45
Grafo_100,2,101,33,38.4625,44
Grafo_100,2,102,32,36.85,54
Grafo_100,2,103,32,35.1375,41
Grafo_100,2,104,31,39.775,81
Grafo_100,2,105,31,41.325,76
Grafo_100,2,106,27,37.85,75
Grafo_100,2,107,26,36.7375,77
Grafo_100,2,108,26,30.75,66
Grafo_100,2,109,25,28.1375,33
Grafo_100,2,110,23,26.825,30
Grafo_100,2,111,23,26.175,35
Grafo_100,2,112,22,25.025,28
Grafo_100,2,113,21,23.775,27
Grafo_100,2,114,20,22.4,25
Grafo_100,2,115,19,24.3625,40
Grafo_100,2,116,19,22.7125,46
Grafo_100,2,117,19,22.475,45
Grafo_100,2,118,17,21.5875,38
Grafo_100,2,119,17,20.175,36
Grafo_100,2,120,16,18.55,21
Grafo_100,2,121,15,17.3,20
Grafo_100,2,122,14,17.1375,33
Grafo_100,2,123,14,17.2,30
Grafo_100,2,124,13,15.9,30
Grafo_100,2,125,13,15.6875,26
Grafo_100,2,126,11,15.1125,26
Grafo_100,2,127,11,13.5,23
Grafo_100,2,128,10,12.625,16
Grafo_100,2,129,10,11.7625,14
Grafo_100,2,130,10,11.5625,24
Grafo_100,2,131,9,10.625,13
Grafo_100,2,132,8,9.9125,12
Grafo_100,2,133,8,9.625,13
Grafo_100,2,134,7,8.8875,11
Grafo_100,2,135,7,8.375,13
Grafo_100,2,136,7,7.925,11
Grafo_100,2,137,6,7.575,10
Grafo_100,2,138,6,7.2375,9
Grafo_100,2,139,5,6.9,8
Grafo_100,2,140,4,6.4125,8
Grafo_100,2,141,4,5.85,8
Grafo_100,2,142,3,5.05,9
Grafo_100,2,143,2,4.1625,6
Grafo_100,2,144,2,4.9375,14
Grafo_100,2,145,2,4.8625,14
Grafo_100,2,146,1,4.35,15
Grafo_100,2,147,1,3.325,13
Grafo_100,2,148,1,1.975,4
Grafo_100,2,149,1,1.5875,3
Grafo_100,2,150,1,1.2,2
Grafo_100,2,151,0,1.0125,2
Grafo_100,3,0,626,626.0,626
Grafo_100,3,1,626,626.0,626
Grafo_100,3,2,626,626.0,626
Grafo_100,3,3,626,626.0,626
Grafo_100,3,4,626,626.0,626
Grafo_100,3,5,626,626.0,626
Grafo_100,3,6,626,626.0,626
Grafo_100,3,7,626,626.0,626
Grafo_100,3,8,626,626.0,626
Grafo_100,3,9,626,626.0,626
Grafo_100,3,10,626,626.0,626
Grafo_100,3,11,626,626.0,626
Grafo_100,3,12,626,626.0,626
Grafo_100,3,13,626,626.0,626
Grafo_100,3,14,626,626.0,626
Grafo_100,3,15,626,626.0,626
Grafo_100,3,16,626,626.0,626
Grafo_100,3,17,626,626.0,626
Grafo_100,3,18,626,626.0,626
Grafo_100,3,19,626,626.0,626
Grafo_100,3,20,609,623.0875,626
Grafo_100,3,21,592,615.7,626
Grafo_100,3,22,578,604.1375,626
Grafo_100,3,23,559,590.25,619
Grafo_100,3,24,537,575.3375,613
Grafo_100,3,25,532,562.85,591
Grafo_100,3,26,500,549.825,590
Grafo_100,3,27,493,532.4125,571
Grafo_100,3,28,481,518.575,576
Grafo_100,3,29,474,498.425,543
Grafo_100,3,30,462,481.5375,504
Grafo_100,3,31,437,469.225,494
Grafo_100,3,32,419,454.825,497
Grafo_100,3,33,411,440.0375,470
Grafo_100,3,34,399,428.5875,482
Grafo_100,3,35,311,406.7625,449
Grafo_100,3,36,311,381.925,428
Grafo_100,3,37,311,346.7625,414
Grafo_100,3,38,302,327.0875,387
Grafo_100,3,39,302,317.425,347
Grafo_100,3,40,295,311.05,342
Grafo_100,3,41,287,303.8375,329
Grafo_100,3,42,241,292.6,309
Grafo_100,3,43,235,275.1125,301
Grafo_100,3,44,225,257.2875,295
Grafo_100,3,45,222,242.8125,277
Grafo_100,3,46,213,232.1,257
Grafo_100,3,47,210,226.5875,246
Grafo_100,3,48,193,225.5,263
Grafo_100,3,49,191,218.0875,247
Grafo_100,3,50,191,212.1625,236
Grafo_100,3,51,178,203.575,229
Grafo_100,3,52,172,195.6375,225
Grafo_100,3,53,172,192.8625,221
Grafo_100,3,54,168,186.35,229
Grafo_100,3,55,166,180.0,212
Grafo_100,3,56,164,175.925,196
Grafo_100,3,57,162,171.65,198
Grafo_100,3,58,159,167.4125,174
Grafo_100,3,59,155,163.825,173
Grafo_100,3,60,149,165.7125,246
Grafo_100,3,61,146,158.2125,221
Grafo_100,3,62,139,155.45,233
Grafo_100,3,63,123,147.6625,199
Grafo_100,3,64,119,140.875,193
Grafo_100,3,65,119,130.1375,168
Grafo_100,3,66,114,126.8,165
Grafo_100,3,67,112,124.3375,175
Grafo_100,3,68,107,119.2375,136
Grafo_100,3,69,107,115.8625,131
Grafo_100,3,70,104,112.0125,127
Grafo_100,3,71,99,108.6125,119
Grafo_100,3,72,99,105.775,112
Grafo_100,3,73,94,102.9,108
Grafo_100,3,74,92,99.7875,107
Grafo_100,3,75,91,96.4125,103
Grafo_100,3,76,88,94.15,102
Grafo_100,3,77,87,92.15,103
Grafo_100,3,78,85,91.9,141
Grafo_100,3,79,85,88.975,92
Grafo_100,3,80,82,86.875,91
Grafo_100,3,81,79,84.425,89
Grafo_100,3,82,72,85.15,129
Grafo_100,3,83,71,82.55,125
Grafo_100,3,84,68,78.7125,131
Grafo_100,3,85,68,77.5625,118
Grafo_100,3,86,66,75.0875,109
Grafo_100,3,87,65,73.0,115
Grafo_100,3,88,65,70.425,107
Grafo_100,3,89,62,66.525,75
Grafo_100,3,90,61,65.075,69
Grafo_100,3,91,59,66.7,98
Grafo_100,3,92,58,65.275,112
Grafo_100,3,93,57,61.475,66
Grafo_100,3,94,56,59.7875,65
Grafo_100,3,95,55,59.7375,86
Grafo_100,3,96,54,57.15,86
Grafo_100,3,97,53,56.125,76
Grafo_100,3,98,52,54.55,59
Grafo_100,3,99,51,53.975,75
Grafo_100,3,100,49,52.025,56
Grafo_100,3,101,47,50.7375,54
Grafo_100,3,102,38,50.7375,71
Grafo_100,3,103,38,48.3375,64
Grafo_100,3,104,38,47.05,67
Grafo_100,3,105,37,44.75,74
Grafo_100,3,106,34,41.075,51
Grafo_100,3,107,34,40.725,55
Grafo_100,3,108,34,40.175,56
Grafo_100,3,109,34,41.0625,56
Grafo_100,3,110,34,40.9625,58
Grafo_100,3,111,34,39.9125,58
Grafo_100,3,112,33,38.2,50
Grafo_100,3,113,32,37.1375,52
Grafo_100,3,114,30,34.775,54
Grafo_100,3,115,30,32.8625,43
Grafo_100,3,116,28,31.45,34
Grafo_100,3,117,27,30.575,51
Grafo_100,3,118,27,29.2,33
Grafo_100,3,119,23,27.875,30
Grafo_100,3,120,21,26.7375,30
Grafo_100,3,121,21,25.8,28
Grafo_100,3,122,21,24.7125,39
Grafo_100,3,123,19,23.25,32
Grafo_100,3,124,18,22.05,49
Grafo_100,3,125,17,24.0375,37
Grafo_100,3,126,17,23.1625,38
Grafo_100,3,127,17,21.2125,35
Grafo_100,3,128,15,19.3125,32
Grafo_100,3,129,15,18.0,34
Grafo_100,3,130,15,17.175,33
Grafo_100,3,131,15,17.1875,35
Grafo_100,3,132,14,16.5125,33
Grafo_100,3,133,14,15.2375,29
Grafo_100,3,134,12,15.8375,31
Grafo_100,3,135,11,14.1375,15
Grafo_100,3,136,11,13.4625,15
Grafo_100,3,137,11,12.475,14
Grafo_100,3,138,10,11.725,17
Grafo_100,3,139,9,11.5875,25
Grafo_100,3,140,9,10.6125,11
Grafo_100,3,141,8,14.8375,47
Grafo_100,3,142,8,16.1375,46
Grafo_100,3,143,7,17.275,52
Grafo_100,3,144,7,13.575,50
Grafo_100,3,145,7,9.75,27
Grafo_100,3,146,6,9.6125,29
Grafo_100,3,147,6,8.3,23
Grafo_100,3,148,5,10.65,44
Grafo_100,3,149,5,7.325,31
Grafo_100,3,150,5,5.95,8
Grafo_100,3,151,4,5.5125,7
Grafo_100,3,152,4,5.0125,6
Grafo_100,3,153,3,4.6375,5
Grafo_100,3,154,3,5.5875,27
Grafo_100,3,155,3,4.05,18
Grafo_100,3,156,2,3.2,4
Grafo_100,3,157,2,4.675,25
Grafo_100,3,158,2,4.0,22
Grafo_100,3,159,2,4.3875,24
Grafo_100,3,160,2,4.5,24
Grafo_100,3,161,2,3.2875,17
Grafo_100,3,162,1,5.175,18
Grafo_100,3,163,1,5.2,23
Grafo_100,3,164,1,4.3125,22
Grafo_100,3,165,1,4.05,23
Grafo_100,3,166,1,4.1,20
Grafo_100,3,167,1,3.5875,21
Grafo_100,3,168,1,5.9125,22
Grafo_100,3,169,1,6.5375,24
Grafo_100,3,170,1,5.3375,22
Grafo_100,3,171,1,5.45,23
Grafo_100,3,172,1,3.175,19
Grafo_100,3,173,1,2.4625,19
Grafo_100,3,174,1,2.5625,21
Grafo_100,3,175,1,5.9125,23
Grafo_100,3,176,1,5.975,27
Grafo_100,3,177,1,5.9375,21
Grafo_100,3,178,1,5.4125,36
Grafo_100,3,179,1,4.325,20
Grafo_100,3,180,1,3.325,19
Grafo_100,3,181,1,3.1625,21
Grafo_100,3,182,1,5.5125,33
Grafo_100,3,183,1,7.375,27
Grafo_100,3,184,1,6.875,24
Grafo_100,3,185,0,5.825,19
Grafo_100,4,0,626,626.0,626
Grafo_100,4,1,626,626.0,626
Grafo_100,4,2,626,626.0,626
Grafo_100,4,3,626,626.0,626
Grafo_100,4,4,626,626.0,626
Grafo_100,4,5,626,626.0,626
Grafo_100,4,6,626,626.0,626
Grafo_100,4,7,626,626.0,626
Grafo_100,4,8,626,626.0,626
Grafo_100,4,9,626,626.0,626
Grafo_100,4,10,626,626.0,626
Grafo_100,4,11,626,626.0,626
Grafo_100,4,12,626,626.0,626
Grafo_100,4,13,626,626.0,626
Grafo_100,4,14,626,626.0,626
Grafo_100,4,15,626,626.0,626
Grafo_100,4,16,626,626.0,626
Grafo_100,4,17,626,626.0,626
Grafo_100,4,18,626,626.0,626
Grafo_100,4,19,626,626.0,626
Grafo_100,4,20,606,622.1125,626
Grafo_100,4,21,579,614.4,626
Grafo_100,4,22,565,601.6875,626
Grafo_100,4,23,465,587.325,626
Grafo_100,4,24,459,569.1125,616
Grafo_100,4,25,445,544.6,611
Grafo_100,4,26,413,508.3875,597
Grafo_100,4,27,395,459.6125,576
Grafo_100,4,28,391,423.3125,459
Grafo_100,4,29,384,410.225,440
Grafo_100,4,30,377,399.175,433
Grafo_100,4,31,371,388.0125,408
Grafo_100,4,32,367,380.4375,399
Grafo_100,4,33,357,374.45,388
Grafo_100,4,34,347,366.575,387
Grafo_100,4,35,331,358.2625,381
Grafo_100,4,36,329,351.2875,371
Grafo_100,4,37,327,342.3,363
Grafo_100,4,38,320,334.9625,364
Grafo_100,4,39,314,328.3875,346
Grafo_100,4,40,298,321.675,336
Grafo_100,4,41,288,314.8125,331
Grafo_100,4,42,282,306.6125,331
Grafo_100,4,43,240,291.7,312
Grafo_100,4,44,240,279.9875,308
Grafo_100,4,45,239,267.325,296
Grafo_100,4,46,228,259.075,297
Grafo_100,4,47,228,249.15,284
Grafo_100,4,48,220,240.7875,279
Grafo_100,4,49,218,233.9375,257
Grafo_100,4,50,207,228.0,244
Grafo_100,4,51,207,223.2625,241
Grafo_100,4,52,196,216.275,238
Grafo_100,4,53,196,211.8625,228
Grafo_100,4,54,194,207.2875,228
Grafo_100,4,55,187,200.5,222
Grafo_100,4,56,186,196.175,208
Grafo_100,4,57,175,191.925,204
Grafo_100,4,58,173,187.0125,200
Grafo_100,4,59,160,182.175,196
Grafo_100,4,60,153,175.975,203
Grafo_100,4,61,153,169.7625,214
Grafo_100,4,62,149,162.2875,200
Grafo_100,4,63,140,156.1375,168
Grafo_100,4,64,135,150.875,172
Grafo_100,4,65,131,146.1375,157
Grafo_100,4,66,127,139.3625,153
Grafo_100,4,67,123,134.4125,144
Grafo_100,4,68,120,129.0625,144
Grafo_100,4,69,119,125.2625,135
Grafo_100,4,70,111,122.425,147
Grafo_100,4,71,109,118.925,128
Grafo_100,4,72,107,115.675,148
Grafo_100,4,73,105,111.3375,121
Grafo_100,4,74,101,107.9125,119
Grafo_100,4,75,99,105.475,120
Grafo_100,4,76,93,103.425,133
Grafo_100,4,77,93,99.55,110
Grafo_100,4,78,91,96.95,110
Grafo_100,4,79,89,94.2625,102
Grafo_100,4,80,86,91.3875,98
Grafo_100,4,81,84,88.8625,95
Grafo_100,4,82,77,86.2,94
Grafo_100,4,83,74,83.225,91
Grafo_100,4,84,71,80.0375,87
Grafo_100,4,85,70,76.8,87
Grafo_100,4,86,66,75.025,105
Grafo_100,4,87,64,71.4,78
Grafo_100,4,88,57,68.5875,74
Grafo_100,4,89,57,66.1625,91
Grafo_100,4,90,57,62.7,70
Grafo_100,4,91,56,60.4875,66
Grafo_100,4,92,54,58.7625,65
Grafo_100,4,93,52,57.4,63
Grafo_100,4,94,51,55.7875,62
Grafo_100,4,95,48,53.8,59
Grafo_100,4,96,46,52.2,61
Grafo_100,4,97,45,50.2,55
Grafo_100,4,98,43,50.5,67
Grafo_100,4,99,43,48.675,64
Grafo_100,4,100,42,47.875,64
Grafo_100,4,101,39,45.8375,64
Grafo_100,4,102,39,43.2625,49
Grafo_100,4,103,38,41.525,45
Grafo_100,4,104,36,39.85,45
Grafo_100,4,105,35,42.3125,69
Grafo_100,4,106,34,40.05,73
Grafo_100,4,107,32,35.7625,48
Grafo_100,4,108,31,34.1125,38
Grafo_100,4,109,29,32.95,36
Grafo_100,4,110,27,31.5625,34
Grafo_100,4,111,26,29.875,34
Grafo_100,4,112,26,28.525,32
Grafo_100,4,113,25,27.325,31
Grafo_100,4,114,23,26.1625,29
Grafo_100,4,115,23,25.1875,28
Grafo_100,4,116,22,24.55,27
Grafo_100,4,117,22,24.075,27
Grafo_100,4,118,21,23.5625,27
Grafo_100,4,119,20,22.6375,26
Grafo_100,4,120,20,21.875,24
Grafo_100,4,121,19,20.875,23
Grafo_100,4,122,18,23.85,59
Grafo_100,4,123,17,24.3,55
Grafo_100,4,124,16,19.4375,41
Grafo_100,4,125,15,17.5875,19
Grafo_100,4,126,14,16.8625,20
Grafo_100,4,127,14,16.0875,18
Grafo_100,4,128,13,17.0875,40
Grafo_100,4,129,12,14.6875,18
Grafo_100,4,130,12,14.15,18
Grafo_100,4,131,12,13.4625,17
Grafo_100,4,132,11,12.6875,14
Grafo_100,4,133,11,12.125,15
Grafo_100,4,134,9,11.55,14
Grafo_100,4,135,9,10.95,13
Grafo_100,4,136,8,13.45,34
Grafo_100,4,137,8,12.4625,32
Grafo_100,4,138,8,14.8125,33
Grafo_100,4,139,7,13.625,32
Grafo_100,4,140,7,11.0125,34
Grafo_100,4,141,7,8.6375,10
Grafo_100,4,142,6,10.4375,36
Grafo_100,4,143,6,8.5875,32
Grafo_100,4,144,5,6.7,8
Grafo_100,4,145,5,8.6625,32
Grafo_100,4,146,4,6.725,24
Grafo_100,4,147,3,6.525,26
Grafo_100,4,148,3,4.7625,6
Grafo_100,4,149,2,3.975,6
Grafo_100,4,150,2,3.325,5
Grafo_100,4,151,2,3.75,22
Grafo_100,4,152,1,2.775,25
Grafo_100,4,153,1,3.8375,26
Grafo_100,4,154,1,2.0875,15
Grafo_100,4,155,1,1.45,2
Grafo_100,4,156,1,1.075,2
Grafo_100,4,157,1,1.0,1
Grafo_100,4,158,1,1.0,1
Grafo_100,4,159,1,1.0,1
Grafo_100,4,160,1,1.0,1
Grafo_100,4,161,0,0.9875,2
