sheet,run,n,num_colores,horario
Grafo_20,0,20,8,"{1: [1, 4, 8, 15], 2: [2, 3, 13], 3: [5, 9, 17], 4: [6, 12, 18], 5: [7, 10], 6: [11, 20], 7: [14], 8: [16, 19]}"
Grafo_20,1,20,8,"{1: [1, 8, 15], 2: [4, 6, 18], 3: [3, 11, 13], 4: [5, 9, 17], 5: [7, 10, 12], 6: [14, 20], 7: [16, 19], 8: [2]}"
Grafo_20,2,20,8,"{1: [1, 8, 15], 2: [2, 14], 3: [3, 11, 12], 4: [4, 6, 18], 5: [5, 9, 17], 6: [7, 13], 7: [10, 16], 8: [19, 20]}"
Grafo_20,3,20,8,"{1: [1, 15], 2: [2, 14], 3: [5, 12, 17], 4: [4, 6, 18], 5: [7, 13], 6: [8, 19, 20], 7: [3, 9, 11], 8: [10, 16]}"
Grafo_20,4,20,8,"{1: [1, 4, 8, 15], 2: [2, 14], 3: [3, 11, 13], 4: [5, 9, 17], 5: [7, 12, 18], 6: [10, 16], 7: [19, 20], 8: [6]}"
Grafo_30,0,30,7,"{1: [1, 3, 6, 9, 22, 24, 28, 29], 2: [2, 5, 21, 23], 3: [4, 10, 18, 27], 4: [7, 17, 20, 30], 5: [8, 12, 14, 19, 26], 6: [11, 13, 15, 16], 7: [25]}"
Grafo_30,1,30,7,"{1: [1, 11, 15, 22], 2: [2, 5, 16, 21, 23], 3: [3, 6, 7, 20, 24], 4: [4, 8, 18, 27], 5: [9, 10, 12, 14, 26, 29], 6: [13, 17, 19, 25, 30], 7: [28]}"
Grafo_30,2,30,8,"{1: [1, 11, 22, 24, 26, 29], 2: [2, 3, 7, 13, 16, 19], 3: [4, 5, 9, 21, 28], 4: [6, 17, 20], 5: [8, 18, 30], 6: [10, 12, 14, 23, 27], 7: [25], 8: [15]}"
Grafo_30,3,30,7,"{1: [1, 2, 3, 7, 13], 2: [4, 5, 9, 18, 22, 27, 28], 3: [6, 24], 4: [8, 10, 12, 14, 19, 26], 5: [11, 16, 21, 23, 29], 6: [17, 20, 25, 30], 7: [15]}"
Grafo_30,4,30,7,"{1: [1, 9, 22, 24, 28, 29], 2: [2, 4, 5, 27], 3: [3, 7, 13, 15, 17, 19], 4: [6, 8, 12, 14], 5: [10, 11, 16, 21, 23], 6: [20, 25, 30], 7: [18, 26]}"
Grafo_50,0,50,7,"{1: [1, 26, 28, 30, 33, 42, 43, 45], 2: [2, 3, 11, 17, 19, 23, 25, 31, 34, 35, 46], 3: [4, 13, 18, 22, 24, 39, 44], 4: [5, 9, 14, 20, 21, 36, 37, 38], 5: [6, 8, 41], 6: [7, 10, 15, 32, 47, 49, 50], 7: [12, 16, 27, 29, 40, 48]}"
Grafo_50,1,50,8,"{1: [1, 2, 12, 17, 28, 40, 45, 48, 49], 2: [3, 7, 8, 9, 31, 34, 38, 46], 3: [4, 11, 29], 4: [5, 6, 15, 19, 20, 22, 23, 32, 39], 5: [10, 14, 24, 25, 30, 36, 37, 41], 6: [13, 16, 33, 43, 44, 47, 50], 7: [18, 26, 27, 35, 42], 8: [21]}"
Grafo_50,2,50,7,"{1: [1, 10, 15, 30, 32, 37, 49], 2: [2, 3, 6, 12, 17, 21, 26, 31, 35], 3: [4, 11, 18, 19, 27, 39, 40, 41], 4: [5, 7, 8, 9, 34, 36, 38, 50], 5: [13, 16, 23, 33, 42, 44, 46, 47], 6: [14, 20, 28, 43, 45, 48], 7: [22, 24, 25, 29]}"
Grafo_50,3,50,7,"{1: [1, 4, 26, 32, 33, 42, 45], 2: [2, 12, 15, 17, 23, 25, 30, 31, 34, 35, 41, 46], 3: [3, 10, 11, 18], 4: [5, 6, 8, 14, 16, 21, 24], 5: [7, 20, 27, 36, 37, 39], 6: [9, 19, 28, 29, 38, 40, 48, 49], 7: [13, 22, 43, 44, 47, 50]}"
Grafo_50,4,50,7,"{1: [1, 7, 12, 15, 31, 34, 42, 49], 2: [2, 14, 22, 24, 25, 35, 36, 41, 45], 3: [3, 11, 17, 28, 29, 38, 43, 44, 46], 4: [4, 13, 18, 19, 20, 27, 32, 40, 48], 5: [5, 6, 8, 9, 16, 21, 47], 6: [10, 26, 30, 33, 37], 7: [23, 39, 50]}"
Grafo_75,0,75,8,"{1: [1, 4, 12, 22, 27, 36, 37, 40, 41, 56, 59, 61, 67, 69, 75], 2: [2, 6, 13, 15, 16, 33, 39, 48, 62, 72, 74], 3: [3, 7, 8, 10, 17, 19, 23, 24, 25, 47, 52, 53, 73], 4: [5, 9, 11, 30, 38, 66], 5: [14, 20, 49, 70], 6: [18, 26, 29, 31, 32, 45, 51, 65, 71], 7: [21, 28, 34, 35, 42, 43, 46, 50, 54, 57, 60, 63, 64], 8: [44, 55, 58, 68]}"
Grafo_75,1,75,8,"{1: [1, 2, 3, 9, 17, 19, 28, 33, 39, 40, 45, 73], 2: [4, 5, 16, 20, 21, 27, 29, 31, 32, 37, 38, 56, 61, 75], 3: [6, 10, 14, 42, 51, 52], 4: [7, 12, 18, 34, 35, 50, 54, 55, 64, 65, 70, 71, 72], 5: [8, 11, 13, 15, 23, 24, 43, 47, 48, 53, 63, 66, 69], 6: [22, 36, 41, 44, 46, 49, 57, 60], 7: [25, 30, 74], 8: [26, 58, 59, 62, 67, 68]}"
Grafo_75,2,75,9,"{1: [1, 21, 27, 28, 29, 32, 56, 70], 2: [2, 3, 4, 6, 18, 19, 20, 33, 43, 44, 51, 73], 3: [7, 9, 14, 15, 25, 30, 48, 61, 64, 66, 71, 72, 75], 4: [8, 11, 13, 23, 24, 31, 47, 52, 69], 5: [10, 17, 22, 26, 35, 38, 46, 53, 58, 62, 65, 74], 6: [12, 42, 55], 7: [16, 37, 41, 50, 54, 57, 59, 60, 63], 8: [34, 36, 39, 40, 45, 49, 67, 68], 9: [5]}"
Grafo_75,3,75,9,"{1: [1, 2, 12, 17, 33, 39, 40, 69, 72, 73, 74, 75], 2: [4, 7, 10, 20, 24, 25, 38, 42, 50, 52, 61, 70, 71], 3: [5, 8, 14, 36, 45, 59, 62, 63, 66, 67, 68], 4: [6, 13, 31, 32, 34, 35, 44, 60], 5: [9, 11, 15, 19, 21, 27, 30, 43, 46, 54, 56], 6: [16, 18, 22, 23, 26, 29, 37, 53, 65], 7: [28, 47, 48, 51, 55, 57, 58, 64], 8: [3, 41, 49]}"
Grafo_75,4,75,8,"{1: [1, 3, 4, 8, 15, 17, 24, 33, 40, 69, 73, 75], 2: [5, 13, 20, 31, 34, 36, 37, 43, 44, 46, 51, 60, 65, 70], 3: [6, 19, 30, 48, 55, 57, 68], 4: [7, 9, 12, 23, 25, 35, 38, 39, 54, 71, 72], 5: [10, 22, 26, 27, 28, 29, 52, 53, 56, 58], 6: [11, 18, 42, 59, 64, 66, 67], 7: [14, 16, 21, 32, 41, 45, 47, 49, 50, 61, 63], 8: [2, 62, 74]}"
Grafo_100,0,100,9,"{1: [1, 31, 42, 43, 47, 53, 67, 69, 70, 72, 85, 88, 94, 95, 96, 97, 99, 100], 2: [2, 3, 5, 9, 10, 12, 15, 17, 21, 29, 32, 38, 89, 90, 98], 3: [4, 6, 8, 13, 18, 19, 27, 30, 37, 39, 40, 44, 45, 57, 61, 78, 83, 86], 4: [7, 16, 33, 34, 50, 58, 59, 62, 65, 66, 74, 79, 81, 82, 87, 93], 5: [14, 26, 35, 48, 54, 55, 64, 73, 75, 80, 84, 92], 6: [20, 22, 23, 24, 25, 28, 36, 46, 49, 51, 56, 91], 7: [41, 52, 63, 71, 76, 77], 8: [60, 68], 9: [11]}"
Grafo_100,1,100,9,"{1: [1, 10, 19, 24, 32, 47, 69, 72, 74, 80, 82, 83, 85, 87, 92, 96, 98], 2: [2, 3, 4, 5, 25, 28, 29, 35, 42, 49, 54, 56, 57, 58, 76, 81, 97, 100], 3: [6, 7, 33, 41, 45, 46, 51, 55, 70, 75, 79, 86, 89, 94], 4: [8, 9, 14, 17, 20, 22, 26, 30, 37, 38, 40, 43, 71, 73, 77], 5: [11, 12, 13, 16, 18, 21, 31, 34, 44, 50, 53, 62, 63, 65, 93], 6: [15, 27, 39, 52, 64, 66, 78, 84, 99], 7: [23, 36, 59, 67, 90], 8: [60, 61, 68, 88, 91, 95], 9: [48]}"
Grafo_100,2,100,8,"{1: [1, 2, 16, 23, 24, 53, 73, 74, 82, 87, 88, 90, 91, 93, 95, 96], 2: [3, 4, 7, 11, 21, 22, 40, 41, 50, 64, 65, 75, 76, 80, 86, 94, 97], 3: [5, 12, 29, 30, 31, 34, 46, 47, 49, 51, 62, 63, 72, 100], 4: [6, 9, 13, 18, 35, 39, 42, 43, 48, 52, 54, 56, 57, 69, 70, 77, 89, 98, 99], 5: [8, 19, 27, 32, 36, 38, 60, 66, 67, 78, 81, 83, 84], 6: [10, 26, 28, 33, 55, 58, 61, 68, 71, 79, 85], 7: [14, 17, 20, 25, 45, 92], 8: [15, 37, 44, 59]}"
Grafo_100,3,100,10,"{1: [1, 2, 3, 9, 13, 17, 18, 21, 24, 37, 42, 44, 45, 63, 73, 89], 2: [4, 19, 20, 27, 28, 29, 30, 32, 33, 47, 49, 66, 74, 86, 97], 3: [5, 10, 15, 31, 35, 38, 39, 40, 41, 43, 48, 55, 57, 61, 64, 98, 100], 4: [7, 8, 16, 54, 70, 72, 75, 80, 81, 82, 83, 90], 5: [11, 12, 25, 34, 36, 46, 59, 60, 62, 65, 77, 78], 6: [14, 23, 50, 56, 58, 68, 79, 85, 87, 88, 93, 94, 95], 7: [22, 51, 52, 67, 71, 91, 99], 8: [6, 26, 84, 92, 96], 9: [53, 69], 10: [76]}"
Grafo_100,4,100,9,"{1: [1, 4, 9, 13, 18, 20, 31, 37, 40, 41, 46, 47, 57, 59, 65, 77, 78, 82], 2: [2, 3, 11, 16, 21, 25, 34, 36, 42, 44, 49, 51, 58, 61, 75, 97], 3: [5, 12, 29, 43, 48, 68, 70, 72, 87, 93, 94, 96, 98, 99, 100], 4: [6, 10, 26, 30, 32, 50, 60, 64, 74, 76, 79, 80, 83, 86, 92, 95], 5: [7, 14, 22, 24, 27, 35, 52, 54, 56, 66, 67, 71, 73, 90], 6: [8, 19, 33, 38, 45, 53, 63, 81, 84, 85, 89], 7: [15, 23, 39, 55, 69, 91], 8: [17, 62, 88], 9: [28]}"
