colonia,Calle,# de casa,Código postal,Unnamed: 4,latitud,longitud,id_original_excel
U H FOVISSSTE ESTADI,LISBOA,28,44307,Guadalajara,20.70856600731,-103.324833188427,1
INDEPENDENCIA,ROGELIO BACON,2280,44290,Guadalajara,20.70373929881,-103.333462682616,2
BOSQUES D LA CANTERA,PRIV OPALO,17,44306,Guadalajara,20.715599023139,-103.315732406134,3
JARDINES DE LOS POET,JOSE FERNANDEZ,3365,44820,Guadalajara,20.648511473538,-103.290043509622,4
LOMAS DEL GALLO,FERNANDO SOLIS,1338,44760,Guadalajara,20.678887907797,-103.270834437425,5
BATALLON SN PATRICIO,CALZADA INDEPEN,503,44300,Guadalajara,20.724067856974,-103.316242769093,6
TETLAN,GIGANTES,108,44820,Guadalajara,20.659502283657,-103.273261300264,7
MODERNA,AV ESPANA,1092,44190,Guadalajara,20.659423759514,-103.353125836399,8
RINCONADA DE HUENTITAN,JUAN CARRASCO,5234,44250,Guadalajara,20.733464085839,-103.321965440792,9
GENERAL REAL,MARCONI,17,44400,Guadalajara,20.668222830011,-103.324231153039,10
MARAVILLA,HACIENDA DE GUA,1124,44700,Guadalajara,20.7109,-103.3325,11
BARRIO ANALCO,ABASOLO,147,44450,Guadalajara,20.669626924521,-103.335331977967,12
BEATRIZ HERNANDEZ,MARGARITA GUTIE,3497,44760,Guadalajara,20.681234333536,-103.287071454067,13
SAN ANDRES,GOMEZ FARIAS,2319,44810,Guadalajara,20.661434443166,-103.30581571037,14
LADRON DE GUEVARA,AVENIDA MEXICO,2582,44600,Guadalajara,20.679539237488,-103.382147337954,15
OBLATOS PONIENTE,HACIENDA DE LAS,2299,44700,Guadalajara,20.692653384008,-103.291507058665,16
LOMAS DEL PARADERO,LUIS QUINTANAR,746,44840,Guadalajara,20.650111814446,-103.319948579318,17
LA PERLA,PEDRO LANDAZURI,733,44360,Guadalajara,20.682866483488,-103.332367494783,18
AMERICANA,MEXICALLTZINGO,1944,44160,Guadalajara,20.668457131778,-103.367287253175,19
HERMOSA PROVIN ZO TE,ARQUIMIDES,630,44770,Guadalajara,20.671121585495,-103.285929375927,20
BLANCO Y CUELLAR,EMILIO RABAZA,2132,44730,Guadalajara,20.679665438656,-103.304725369696,21
PENAL,PEDRO CELESTINO,482,44730,Guadalajara,20.678153876531,-103.319812465142,22
GARIBAY,DAMASCO,785,44750,Guadalajara,20.673577189759,-103.294987950146,23
BALCONES DE OBLATOS,HACIENDA DEL CA,2275,44720,Guadalajara,20.689260598605,-103.283341125216,24
HOGARES GUADALAJARA,CIRCUNVALACION,258,44340,Guadalajara,20.692742690623,-103.317265506511,25
HELIODORO HERNANDEZ,CELIA PACHECO,3713,44720,Guadalajara,20.696346717768,-103.278831930873,26
OBLATOS,AV JUAN PABLO L,3165,44700,Guadalajara,20.696611680834,-103.298728467306,27
SANTA ELENA,ASTURIAS,1581,44230,Guadalajara,20.714563690459,-103.337542453472,28
OBREROS D L CONSTRUC,ABEDUL,274,44900,Guadalajara,20.6545694222,-103.364592699038,29
SANTA MARIA,SAN MATEO,1407,44350,Guadalajara,20.687938369484,-103.315762960355,30
EL MANANTIAL S REFOR,AVDE LA PATRIA,202,44470,Guadalajara,20.621424694675,-103.342295381444,31
OBLATOS PONIENTE,JUAN PABLO II,3165,44700,Guadalajara,20.694441713148,-103.304591536461,32
PANORAMICA HUENTITAN,CALZADA,4500,44259,Guadalajara,20.738361003221,-103.322290323359,33
HUENTITAN EL BAJO,VOLCAN MAIPO,340,44250,Guadalajara,20.741641978616,-103.315603515756,34
MORELOS,PELICANO,1272,44910,Guadalajara,20.650784490132,-103.361183401871,35
LAGOS D OTE ZONA TET,LICURGO,336,44770,Guadalajara,20.665926356179,-103.288257365715,36
JARDINES DE LA CRUZ,ISLA ASENCION,3108,44950,Guadalajara,20.637495376636,-103.381004112181,37
SANTA TERESITA,ALFREDO CHAVERO,16,44600,Guadalajara,20.683705672009,-103.368627411951,38
MIRAVALLE II,HERMENEGILDO BU,4308,44990,Guadalajara,20.612679462355,-103.345018668617,39
PROGRESO,FRANCISCO SARAB,235,44730,Guadalajara,20.669955393964,-103.305463360589,40
ARANDAS,HACIENDA LA ERR,1877,44720,Guadalajara,20.688562686754,-103.288568627469,41
VALENTIN GOMEZ FARIA,CANUTO ELIAS,3414,44977,Guadalajara,20.619191621183,-103.362812769571,42
EL CENTRO,JUAREZ,400,44100,Guadalajara,20.675181358861,-103.348781940317,43
ARTESANOS,INDEPENDENCIA,919,44200,Guadalajara,20.6780638968,-103.356838097496,44
MARAVILLA,MESA DEL NORTE,1272,44700,Guadalajara,20.699661588622,-103.304216257904,45
POLANQUITO,MIGUEL MACIAS,3653,44969,Guadalajara,20.618594419499,-103.372019651985,46
MIRAVALLE II,PEDRO PATINO,643,44990,Guadalajara,20.629068410527,-103.354846356725,47
GUADALUPANA,CELEDONIO PADIL,2162,44220,Guadalajara,20.70997264207,-103.355422959011,48
RANCHO NUEVO,DOMINGO RAMIRE,1150,44240,Guadalajara,20.720878658221,-103.331326685534,49
EL MIRADOR,EMILIANO ZAPATA,780,44370,Guadalajara,20.684751874202,-103.323380755401,50
JARDINES DE LA CRUZ,ISLA MADAGASCAR,3111,44950,Guadalajara,20.638669775722,-103.386233379378,51
LOMAS DEL PRADERO,AV PRESIDENTE,2235,44840,Guadalajara,20.64851919685,-103.313090094977,52
18 DE MARZO,FAJA DE ORO,1783,44960,Guadalajara,20.634313370193,-103.373275771996,53
LA AURORA,JARDINES DE BAB,20,44790,Guadalajara,20.6432,-103.3771,54
VILLAS DE GADALUPE,AV PATRIA,4177,44720,Guadalajara,20.68490119125,-103.270785929599,55
BEATRIZ HERNANDEZ,GAZA,1333,44760,Guadalajara,20.679855988741,-103.28646781102,56
UNIDAD BELISARIO DOM,JOSE LUIS MORA,1212,44329,Guadalajara,20.684853573649,-103.321827893761,57
LOS ALMENDROS,ANTONIO GARCIA,3912,44240,Guadalajara,20.714898474426,-103.329897261422,58
RESIDENCIAL LA CRUZ,ISLA ABACO,3086,44950,Guadalajara,20.637184013909,-103.378150259786,59
INDEPENDENCIA PTE,ROGELIO BACON,1676,44290,Guadalajara,20.703580768323,-103.333427490087,60
SANTA ROSA,MELQUIADES CAMP,2289,44700,Guadalajara,20.70261637713,-103.287933237519,61
LA AURORA,SALVADOR LOPEZ,1750,44790,Guadalajara,20.648592009372,-103.340269383865,62
SAN VICENTE,MONTES MARCIANO,2173,44330,Guadalajara,20.703645219538,-103.315863757778,63
MIRAVALLE,JOSE JARAMILLO,526,44990,Guadalajara,20.614128545297,-103.353547284469,64
PARQUE INDUST EL ALA,FUNDICION,2131,44490,Guadalajara,20.625446103782,-103.334208723889,65
1RO DE MAYO 1A SECCI,CARLOS A CARRIL,527,44970,Guadalajara,20.623134309716,-103.355219971088,66
BALCONES DE OBLATOS,ROSA RODRIGUEZ,3876,44720,Guadalajara,20.695232465256,-103.27692427825,67
LOMAS DE POLANCO,RAMON ALCORTA,1597,44960,Guadalajara,20.630919105571,-103.369901433333,68
CIRCUNVAL VALLARTA,REFORMA,2749,44680,Guadalajara,20.680490583498,-103.385964121384,69
JARDINES DE LA PAZ,TEJEDORES,569,44860,Guadalajara,20.647429568839,-103.307221013951,70
SAN MARCOS,CANTERA,819,44330,Guadalajara,20.696641907448,-103.315170834522,71
ELECTRICISTAS,RAMOS ARIZPE,451,44810,Guadalajara,20.653828629597,-103.310647021658,72
LADRON DE GUEVARA,FRAY LUIS DE PA,443,44600,Guadalajara,20.680475377839,-103.37924408384,73
LA LOMA,LUIS PAEZ BROTC,1574,44410,Guadalajara,20.660420907583,-103.321507386595,74
LOMAS DL PARAISO 1,RAFAEL CARDENAS,290,44250,Guadalajara,20.724976067769,-103.320393414851,77
RINCONADA DE HUENTITAN,JOSE MARIA CANA,5128,44250,Guadalajara,20.731593622235,-103.324697438313,79
JARDINES DE STA ISAB,STA MARTHA,3165,44300,Guadalajara,20.714647969692,-103.313524435519,80
JARDINES DEL NILO,HERNANDO ALVARA,3254,44860,Guadalajara,20.674161223,-103.336727247,81
OBLATOS PONIENTE,HACIENDA DE TAL,2191,44700,Guadalajara,20.692645688836,-103.291482036009,82
MEZQUITAN COUNTRY,DIAGONAL NAJERA,1876,44260,Guadalajara,20.695125899488,-103.344429587903,83
RINCONADA DEL BOSQUE,AV ECONOMOS,6951,44510,Guadalajara,20.655980765474,-103.387338938727,84
TETLAN,JOSE RAMOS,4342,44820,Guadalajara,20.661002048129,-103.272163494101,85
HERMOSA PROVIN ZO TE,TELEFONISTAS,3331,44770,Guadalajara,20.668413560217,-103.285569289367,86
ARTESANOS,GENERAL EULOGIO,712,44200,Guadalajara,20.687214043311,-103.350581425871,87
COUNTRY CLUB,AV JORGE ALVARE,1535,44610,Guadalajara,20.703739216879,-103.365248918238,88
DIVISION DEL NORTE,SILVINA REMBOA,3050,44230,Guadalajara,20.724148153577,-103.337629510796,89
BOSQUES D L VICTORIA,PENINSULA,2713,44540,Guadalajara,20.645952015293,-103.392441670424,90
OBLATOS,BATALLA DE IZUC,2508,44700,Guadalajara,20.698299403628,-103.288589540538,91
HUENTITAN EL BAJO,VOLCAN FUJIYAMA,4413,44250,Guadalajara,20.735692079629,-103.319997113996,92
HUENTITAN EL BAJO,VOLCAN VIRGEN,182,44250,Guadalajara,20.730682341722,-103.316825406308,93
SAN VICENTE,PUERTO SOTO LA,2280,44330,Guadalajara,20.705603205247,-103.31393957256,94
MARAVILLA,SANTA JULIA,1334,44700,Guadalajara,20.69714957415,-103.30480349404,95
ZALATE II,OTILIO GONZALEZ,1116,44760,Guadalajara,20.679092272501,-103.275035164913,96
RNDA DE PAZ,ALBANILES,543,44860,Guadalajara,20.647958405618,-103.307799772968,97
LA CAMPESINA,JOSE MARIA SARM,1488,44769,Guadalajara,20.682263682609,-103.26871550262,98
AMERICANA,COLONIAS,221,44160,Guadalajara,20.672862658457,-103.366036298681,99
TRANSITO,AV CIRCUNVALANC,479,44298,Guadalajara,20.674161223,-103.336727247,100
SAN ANDRES,CALLE B,165,44810,Guadalajara,20.665516828962,-103.299708792094,101
JARDINES DEL NILO,MANUEL RIVERA C,2818,44860,Guadalajara,20.645989597165,-103.301434489932,102
ECHEVERRIA,JOSE ROJO,958,44970,Guadalajara,20.622232559038,-103.361226828163,103
U H EL SAUZ INF,JAIME TORRES B,3090,44987,Guadalajara,20.623719366558,-103.39457535343,104
AYUNTAMIENTO,BERNARDO DE BAL,1170,44620,Guadalajara,20.695572134942,-103.369700206492,105
JARDINES DE STA ISAB,COMBATE DE SACR,228,44300,Guadalajara,20.716175912648,-103.315371786776,106
PARQUE REVOLUCION,AV MIGUEL HIDAL,469,44100,Guadalajara,20.671553902205,-103.346876835406,107
ZONA INDUSTRIAL SUR,CALLE 16,2526,44940,Guadalajara,20.637527970023,-103.361092120814,108
VILLA VICENTE GUERRE,ISLA USTICA,3318,44860,Guadalajara,20.632402515333,-103.395739851238,109
VALLARTA SAN JORGE,TUCIDIDES,156,44690,Guadalajara,20.678101783129,-103.396061141228,110
OBLATOS PONIENTE,HDA LAS CRUCES,2158,44700,Guadalajara,20.693532306281,-103.299260070833,111
OBLATOS PONIENTE,HACIENDA LA PUR,2415,44700,Guadalajara,20.693616632024,-103.320974359368,112
MORELOS,CISNE,1332,44910,Guadalajara,20.653436884133,-103.359587481123,113
JARDINES DEL COUNTRY,ENRIQUE DIAZ DE,2336,44210,Guadalajara,20.708730785178,-103.360277973455,114
TETLAN,AURELIA GUEVARA,3518,44820,Guadalajara,20.655550062962,-103.288790957671,115
SAN CARLOS,LOS ANGELES,171,44460,Guadalajara,20.663058488007,-103.344441095062,116
LOMAS DE POLANCO,JOSE CARRILLO,3528,44960,Guadalajara,20.630859409888,-103.379487389519,117
VALLARTA SAN JORGE,EUCLIDES,3302,44690,Guadalajara,20.675186549648,-103.398239729334,118
U H LAZARO CARDENAS,OTHON BLANCO CA,4087,44490,Guadalajara,20.618024929205,-103.37934039221,119
BOSQUES D L VICTORIA,FAUNA,2765,44540,Guadalajara,20.643906020563,-103.388071228952,120
ECHEVERRIA,JOSE ARTEAGA,2985,44970,Guadalajara,20.630028906551,-103.366119497356,121
5 DE MAYO,RAMON MARQUEZ,362,44970,Guadalajara,20.625282850443,-103.358544850843,122
U. H. BENITO JUAREZ II,CREDITO,4049,44770,Guadalajara,20.666107824382,-103.275565739384,123
INDEPENDENCIA,ROGELIO BACON,2280,44290,Guadalajara,20.70373929881,-103.333462682616,124
DIVISION DEL NORTE,BENEDICTO LOPEZ,399,44230,Guadalajara,20.723756639641,-103.337149181556,125
HIGUERILLAS,MARIANO RODRIGU,2669,44470,Guadalajara,20.631926087957,-103.348924994166,126
BARRANQUITAS,PINO SUAREZ,879,44270,Guadalajara,20.690193516524,-103.346580994942,127
ARANDAS,HACIENDA DEL CO,3363,44720,Guadalajara,20.691405805804,-103.287344128129,128
HELIODORO HERNANDEZ,MIGUEL SANCHEZ,3789,44720,Guadalajara,20.694875609741,-103.278236850446,129
JARDINES DE LA CRUZ,AV ISALA RAZA,2460,44950,Guadalajara,20.634875375946,-103.391251875651,130
DEL FRESNO,CIPRES,1738,44900,Guadalajara,20.659314614483,-103.369745679259,131
LADRON DE GUEVARA,AVENIDA AMERICA,620,44600,Guadalajara,20.687442827359,-103.373133523098,132
FEDERALISMO,MONTE HIMALAYA,1416,44350,Guadalajara,20.69159191134,-103.317128663565,133
EL CARMEN,FRANCISCO MARCO,2616,44980,Guadalajara,20.623025204856,-103.384908704067,134
U H ATLAS,RIO VOLGA,1386,44870,Guadalajara,20.650600138652,-103.330682898244,135
CANTARRANAS,MIGUEL BERNAL,3327,44829,Guadalajara,20.658271896905,-103.287737662208,136
TALPITA,SANTO TOMAS,1786,44719,Guadalajara,20.683479906449,-103.309895247341,137
MIRAVALLE,MAURICIO CAMPOS,512,44990,Guadalajara,20.609598584149,-103.346535998845,138
LOMAS DE RIO VERDE,DEMOSTENES,3550,44720,Guadalajara,20.685193591491,-103.285516478352,139
BOSQUES D LA CANTERA,PRIV OPALO,17,44306,Guadalajara,20.715599023139,-103.315732406134,140
SAN RAFAEL,CARLOS GONZALEZ,280,44810,Guadalajara,20.656592100893,-103.296715750882,141
JARDINES DE LA CRUZ,REYES CATOLICOS,2151,44950,Guadalajara,20.649673828354,-103.378832978477,142
OBLATOS PONIENTE,HACIENDA LA GAV,3208,44700,Guadalajara,20.693616632024,-103.320974359368,143
SAN JUAN BOSCO,FELIX BERNARDEL,428,44730,Guadalajara,20.669176983959,-103.302548594448,144
18 DE MARZO,NATIVIDAD MACIA,1326,44960,Guadalajara,20.633269669454,-103.369549232017,145
VALENTIN GOMEZ FARIA,JUAN DE DIOS CO,12,44977,Guadalajara,20.617468728416,-103.365639839363,146
U H EL ZALATE,JOSE FERNANDEZ,1123,44760,Guadalajara,20.67906377403,-103.273227356036,147
SAN ANDRES,AVELINO M PRESA,3335,44810,Guadalajara,20.661101553695,-103.290845392002,148
LA ESPERANZA,IGUALDAD,186,44300,Guadalajara,20.710039929679,-103.320220033796,149
LOMAS DE MIRAMAR,URANIO,31,45060,zapopan,20.639878839202,-103.464812655245,150
LA FLORESTA DEL COLLI,BOULEVARD PUERT,26,45116,zapopan,20.648033800837,-103.433609205966,151
EL FORTIN,ALAMO,1359,45066,zapopan,20.647037611644,-103.454875016331,152
FRACC CUSPIDE,VALLE DE TESIST,198,45200,zapopan,20.811466884148,-103.48802793476,153
VIGIA I,HERRADURA,242,45140,zapopan,20.732723335145,-103.393815785364,154
LOMAS DE MIRAMAR,PUERTO CHAMELA,314,45060,zapopan,20.640791508946,-103.449208325676,155
MIRAMAR,BAHIA MAGDALENA,5,45060,zapopan,20.640795692169,-103.449052778747,156
LA MOJONERA,DE BARAJAS,425,45134,zapopan,20.744217940728,-103.369154139922,157
VILLA FONTANA DIAMANTE,FUENTE BRILLANT,1730,45200,zapopan,20.7734,-103.4727,158
RESIDENCIAL TESISTAN,PARQUE MEXICANO,150,45200,zapopan,20.805679,-103.4662041,159
RESIDENCIAL GUADALUP,MISION SAN PATR,350,45030,zapopan,20.654606036608,-103.436392100525,160
LA FLORIDA,FLORAL,15,45234,zapopan,20.599701484013,-103.427322024213,161
BENITO JUAREZ,ADOLFO LOPEZ MA,4754,45199,zapopan,20.731390570631,-103.338609721204,162
ALTAMIRA,AV AMERICA,580,45160,zapopan,20.717279681403,-103.388649412697,163
PRADOS  GUADALUPE,G ROSSINI,428,45030,zapopan,20.673316096,-103.420338763,164
FRACC PALERMO,MARINA,204,45200,zapopan,20.816167758692,-103.460717999125,165
VALLE REAL,AV RAMON CORONA,2748,45019,zapopan,20.731711898672,-103.455107080553,166
VISTA HERMOSA,VISTA BONITA,739,45189,zapopan,20.762067388902,-103.334292687615,167
CANTEROS,PRIVADA CANTERO,1564,45190,zapopan,20.728725515362,-103.338744051248,168
COLINAS D LA PRIMAVE,CASCADA,147,45066,zapopan,20.63715103112,-103.470056235543,169
CAMPO REAL,AV CAMPO REAL P,353,45134,zapopan,20.789345743629,-103.443706789234,170
PARAISOS DEL COLLY,GALEANA,1068,45069,zapopan,20.650856448641,-103.454207230105,171
VILLAS SAN IGNACIO,PRIV LUIS G MON,337,45180,zapopan,20.612434251406,-103.476058217738,172
PASEOS DEL BRISE#O,PASEOS DE LOS I,1,45236,zapopan,20.618199170855,-103.434725926926,173
VILLA UNIVESITARIA,AV PATRIA,1446,45110,zapopan,20.697450610202,-103.415631113302,174
JARDINES DEL VERGEL,JARDIN DE NARDO,1527,45180,zapopan,20.743783926938,-103.37053027161,175
BUGAMBILIAS,PASEO DE LA VIC,4952,45238,zapopan,20.601610952,-103.44751353,176
UNIDAD JARDINES SEAT,JARDINES DE LOS,1233,45180,zapopan,20.753991769893,-103.370905065715,177
RINCONADA DL AUDITOR,ALBERTO CINTA,39,45180,zapopan,20.736786625002,-103.342489007283,178
VIRREYES RESIDENCIAL,AV NACIONES UNI,6904,45110,zapopan,20.689899399704,-103.410330876031,179
VILLA DE GUADALUPE II,PABLO HIPOLITO,45,45189,zapopan,20.752205350787,-103.339552601492,180
CONJ LOMAS ALTAS,PASEO DEL ARCO,4098,45128,zapopan,20.683606795,-103.410322538,181
INDIGENA D MEZQUITAN,18 DE MARZO,409,45190,zapopan,20.738601689571,-103.332049540864,182
VALLE REAL,PASEO SAN ARTUR,685,45019,zapopan,20.720331516061,-103.453915380312,183
CONDOMINIO MALAGA,AV CENTRAL,1351,45117,zapopan,20.693777869779,-103.432412856925,184
SAN JUAN DE OCOTAN,MIGUEL MIRAMON,13,45019,zapopan,20.764512834495,-103.452108988283,185
MESA DE LOS OCOTES,PASEO DE LOS PI,3153,45189,zapopan,20.762047632952,-103.347360260481,186
LA HACIENDITA,SAN MARTIN,2341,45230,zapopan,20.613972344722,-103.45115353514,187
LA FLORESTA DEL COLLI,BOULEVARD PUERT,5430,45116,zapopan,20.646421499851,-103.429317587721,188
VILLAS SAN IGNACIO,PABLO QUIROGA,215,45180,zapopan,20.724330074491,-103.36689780623,189
UNIDAD MEXICO,CDA QUERETARO,278,45120,zapopan,20.680477926824,-103.403989655619,190
FRACC CUSPIDE,SAN MATEO 1155,27,45200,zapopan,20.64668138701,-103.46356606383,191
EJIDAL LOMA BONITA,PEDRO MORENO,3308,45085,zapopan,20.631760419641,-103.405199667162,192
IXTLAHUACAN DEL RIO,HDA SAN MIGUEL,10,45260,zapopan,20.869493992473,-103.2349501379,193
LA MARTINICA,PASEO DE LOS AL,79,45185,zapopan,20.74863415712,-103.369235519026,194
REAL DE VALDEPE?S,CALLE G 1470 TO,1470,45130,zapopan,20.753189454125,-103.400592900704,195
CIUDAD GRANJA,CALZ DE LOS LA,164,45010,zapopan,20.68048,-103.44909,196
COLINAS DE ATEMAJAC,AV AURELIO ORTE,1176,45170,zapopan,20.721315607116,-103.367231513878,197
ARENALES TAPATIOS,AV GUADALUPE,132,45066,zapopan,20.636782856023,-103.460246223705,198
AGRICOLA,OBELISCO,138,45236,zapopan,20.616039365266,-103.432268033239,199
SAN ISIDRO EJIDAL,NUEVO MEXICO,250,45147,zapopan,20.726781693722,-103.398291267627,200
ALTAMIRA,AV AMERICA,580,45160,zapopan,20.717279681403,-103.388649412697,201
RANCHO NUEVO,CELERINO NAVARR,4135,44240,zapopan,20.717760527753,-103.322732867976,202
JARDINES D NVO MEXIC,SEXTA PTE,535,45138,zapopan,20.769485174401,-103.453648030496,203
EL HUMEDO,RIO ACAPONETA,2,45200,zapopan,20.794426599705,-103.491591102753,204
HOGARES D NVO MEXICO,AV AVIACION,36,45138,zapopan,20.763149056939,-103.4376272808,205
"FRACC, LOS MOLINOS",PLATA,70,45200,zapopan,20.847738325476,-103.42315008624,206
RESID LAS ARBOLEDAS,AURORA BOREAL N,4170,45070,zapopan,20.625326440762,-103.42117034442,207
REAL DE VALDEPE?S,ALAMBIQUE,51,45130,zapopan,20.756784901356,-103.403274551658,208
"FRACC, LOS MOLINOS",CTO OBSIDIANA,39,45200,zapopan,20.846889290569,-103.422498658645,209
FRACC CUSPIDE,SENDA DEL OCOTE,22,45200,zapopan,20.816544319324,-103.483852886272,210
VICTOR HUGO,PRIVADA COLON,150,45190,zapopan,20.721219832155,-103.354654571899,211
RESIDENCIAL AZALEAS,SERVIDOR PUBLIC,1425,45230,zapopan,20.740119984693,-103.430581368953,212
FRACC JARDINES DE BELEN,TORONJA,41,45200,zapopan,20.649901654675,-103.459649710867,213
FRACC MIRADOR D SN I,AV INDUSTRIA TE,2030,45133,zapopan,20.723566802145,-103.381958276823,214
EL COLLY URBANO I,MELCHOR OCAMPO,1233,45070,zapopan,20.644903914372,-103.440553361289,215
PRADOS TEPEYAC,PRADO DE LAS GA,4468,45050,zapopan,20.657445787313,-103.417077842967,216
AGRICOLA,DALIA,138,45236,zapopan,20.616561514613,-103.431080301959,217
EL COLLY URBANO I,VOLCAN VESUBIO,2321,45070,zapopan,20.641342611351,-103.427658306168,218
VALLE DE LOS MOLINOS,BERNA,75,45200,zapopan,20.855001462417,-103.423079736255,219
FRACC HACIENDA LAS PALOMAS,CALLE DEL AGUA,365,45200,zapopan,20.728523666378,-103.39371570544,220
VILLA FONTANA DIAMANTE,ARENISCA,1896,45200,zapopan,20.7687,-103.4452,221
EJIDAL LOMA BONITA,PEDRO MORENO,3205,45085,zapopan,20.631337804082,-103.401578936447,222
LOS ROBLES,CALLE LOS ROBLE,395,45134,zapopan,20.76709406497,-103.433846487045,223
INF LA TUZANIA,AND OYAMELES,1124,45138,zapopan,20.737313935877,-103.41532911333,224
HDA SAN ISIDRO,LA VILLA,455,45147,zapopan,20.728821234168,-103.397460109928,225
LA ESTRADA,HIDALAGO,6,45200,zapopan,20.793088713634,-103.475894338414,226
MESA DE LOS OCOTES,BETABEL,23,45189,zapopan,20.766539481,-103.354301111,227
COPALITA,AV AMARANTO,175,45200,zapopan,20.808471122027,-103.451769187655,228
MESA COLORADA PTE,NABO,543,45189,zapopan,20.770888004,-103.342334265,229
ARENALES TAPATIOS,CROMITA,69,45066,zapopan,20.633538011757,-103.459239138038,230
MESA COLORADA PTE,ANAHUAC,52,45189,zapopan,20.759354904648,-103.337053704698,231
VILLA FONTANA DIAMANTE,AV JADE,86,45200,zapopan,20.7687,-103.4452,232
VILLA FONTANA DIAMANTE,FUENTE GRAFITO,8884,45200,zapopan,20.77306597618,-103.474240881534,233
COLINAS DEL REY,AV TORREMOLINOS,3500,45130,zapopan,20.751607747698,-103.405062812125,234
RESIDENCIAL TESISTAN,AV SAN MATEO,1115,45200,zapopan,20.794348009301,-103.468367449692,235
LAS AGUILAS,RIO TOMATLAN,800,45080,zapopan,20.625903774344,-103.40799335549,236
TABACHINES,PASEO DE LOS CH,3040,45188,zapopan,20.737384511501,-103.363979898097,237
PASEOS DEL SOL,TOMAS BALCAZAR,5404,45079,zapopan,20.637127897068,-103.427020946251,238
FRACC LOS PINOS,AV  COMPOSITORE,3850,45120,zapopan,20.605519220962,-103.437857893747,239
FRACC REAL DEL BOSQUE,CALLE CAMPO REA,371,45130,zapopan,20.746334090562,-103.395763494226,240
VICENTE GUERRERO,C CEDROS,15,45134,zapopan,20.76757680856,-103.433515326493,241
LOMAS DEL CENTINELA,PASEO DEL OLMO,328,45187,zapopan,20.755881315263,-103.379049551676,242
LA PALMITA,MANUEL GONZALEZ,518,45180,zapopan,20.729793418403,-103.358909034005,243
FRACC CUSPIDE,CAMINO AL POTRE,1200,45200,zapopan,20.773818703537,-103.443972674411,244
PRADOS TEPEYAC,PRADO DE LAS RO,308,45050,zapopan,20.65727719602,-103.410432321676,245
BOSQUE ESCONDIDO,PASEO DE LOS AL,10,45180,zapopan,20.745066944857,-103.369878327181,246
REAL DE VALDEPE?S,RINCONADA DEL C,1327,45130,zapopan,20.766612599988,-103.343017609405,247
SANTA ANA TEPETITLAN,HIDALGO,35,45230,zapopan,20.620899149506,-103.456008082002,248
EL BRISE#O,CONSTELACION,7,45236,zapopan,20.622624228998,-103.435793529933,249
HDA SAN ISIDRO,EJIDO,570,45147,zapopan,20.731228296985,-103.398250817972,250
INF LA TUZANIA,AV DE LAS PALME,1246,45138,zapopan,20.735113963,-103.413130888,251
LOMAS DE MIRAMAR,PUERTO TAMPICO,80,45060,zapopan,20.640088888183,-103.448320954781,252
FRACC REAL DEL BOSQUE,BERROCAL,449,45130,zapopan,20.75223277,-103.392414692,253
TIERRA RESIDENCIAL,SAN MATEO,2010,45200,zapopan,20.646690076868,-103.463624165362,254
REAL DE TESISTAN,PRIVADA EMILIAN,28,45200,zapopan,20.803835611233,-103.49148381664,255
CIUDAD DEL SOL,QUETZALCOATL,232,45050,zapopan,20.649275118787,-103.407148375831,256
NUEVO MEXICO,6 DE ENERO,3239,45138,zapopan,20.757514736076,-103.432770512279,257
EL BATAN,ALCALDE,288,45190,zapopan,20.720932637677,-103.345609616183,258
VIGIA I,DEL CORRAL,604,45140,zapopan,20.731701497329,-103.395332071649,259
EL BRISE?,PASEO DE LA MAT,200,45236,zapopan,20.613450904833,-103.428235688849,260
PARQUES DE ZAPOPAN,OPALO,14,45138,zapopan,20.747386217465,-103.418851943416,261
ARENALES TAPATIOS,DIAMANTE,114,45066,zapopan,20.633958238472,-103.456393984825,262
JARDINES  DEL BOSQUE,PLACERES,806,44520,zapopan,20.665153074723,-103.391904761681,263
EL ARENAL,CUAUHTEMOC,132,45350,zapopan,20.773146949137,-103.697676287823,264
COLLY SITIO,ROMANA,6570,45036,zapopan,20.65407505755,-103.439888005815,265
LINDAVISTA,ALLENDE,216,45169,zapopan,20.722553069108,-103.398591374698,266
INF LA TUZANIA,CAPULINES,40,45138,zapopan,20.732020365773,-103.415042862469,267
EL ARENAL,PROLONGACION SA,43,45350,zapopan,20.70643744,-103.405920872,268
SANTA FE,EMILIANO ZAPATA,574,45168,zapopan,20.714567378496,-103.391594581023,269
AGRICOLA,DALIA,138,45236,zapopan,20.616561514613,-103.431080301959,270
EL ZAPOTE,TEZOZOMOC,4357,45050,zapopan,20.654657432183,-103.415386445548,271
MIGUEL HIDALGO,15 DE SEPTIEMBR,3017,45186,zapopan,20.748871239251,-103.340937543354,272
TABACHINES,PASEO DE LOS AV,3101,45188,zapopan,20.740593182701,-103.357705797251,273
REVOLUCION SEGUNDA SECCION,REVOLUCION,51,45200,zapopan,20.810030763226,-103.491198569679,274
RESIDENC LA ESTANCIA,WOLFANG AMADEUS,5552,45030,zapopan,20.673112329409,-103.431709028516,275
NUEVO MEXICO,COPALITA,2711,45138,zapopan,20.778760312902,-103.446185075623,276
12 DE DICIEMBRE,TRUENO,260,45068,zapopan,20.649297121283,-103.457016927869,277
REAL QUINTAS DEL VALLE,CIRCUITO REAL S,0,45138,zapopan,20.737198190739,-103.447909483919,278
VISTA HERMOSA,AV VISTA HERMO,3763,45189,zapopan,20.758934087,-103.333606209,279
JARDINES D NVO MEXIC,SEGUNDA NORTE,5699,45138,zapopan,20.769224002146,-103.44670239192,280
EL BATAN,ANDADOR AGUA AZ,44,45190,zapopan,20.688332817838,-103.434384699647,281
DIVISION DL NTE ZAP,FRANCISCO VILLA,27,45180,zapopan,20.739433761099,-103.341153125903,282
LOMAS DEL REFUGIO,AGUA PRIETA,111,45186,zapopan,20.740886418481,-103.334891403264,283
LOMAS DL VALLE VI UN,CANCER,3992,45129,zapopan,20.684998153655,-103.408593311694,284
MESA COLORADA PTE,DELLI,1825,45189,zapopan,20.770434858636,-103.347895361179,285
VILLA FONTANA DIAMANTE,AV LAS TORRES,1896,45200,zapopan,20.772951372839,-103.471913313626,286
REAL DE TESISTAN,PASEO DE LA ARB,176,45200,zapopan,20.758770418266,-103.439227910025,287
EL CENTINELA 2,HIDALGO,310,45187,zapopan,20.60570355533,-103.424497071386,288
LA VENTA DEL ASTILLE,JILGEROS,33,45221,zapopan,20.732241962446,-103.539370048577,289
